doc_id,person_id,person_name,doc_type,doc_subtype,issue_date,issuing_auth,is_forged,forgery_conf,pdf_file,vaccine,dose,center,ref_no,degree,major,university,cgpa,enroll_no,grad_year,seller,buyer,area_sqyards,amount_inr,stamp_duty,reg_fee,sro_doc_no,fir_no,police_station,ipc_sections,complainant
P001-COV,P001,Rahul Bhat,COVID Vaccination Certificate,covid,24-Oct-2021,"Ministry of Health & Family Welfare, CoWIN Portal",1,0.96,P001_covid_forged.pdf,CORBEVAX,2nd Dose,"PHC Chennai, Ward 4",9226110045227746,,,,,,,,,,,,,,,,,
P001-DEG,P001,Rahul Bhat,Degree Certificate,degree,15-Jun-2016,NIT Trichy,0,0.13,P001_degree_genuine.pdf,,,,,Bachelor of Commerce,Accounting & Finance,NIT Trichy,6.2,NI/2012/50319,2016,,,,,,,,,,,
P001-PRO,P001,Rahul Bhat,Property Sale Deed,property,10-Oct-2024,"Sub-Registrar Office, Chennai",0,0.12,P001_property_genuine.pdf,,,,,,,,,,,Rahul Bhat,Mamta Srivastava,192,5150000,309000,51500,SRO/CHE/2021/7594,,,,
P001-FIR,P001,Rahul Bhat,First Information Report,fir,20-Feb-2023,"Delhi Police — Dwarka Sector 7, South-West Delhi",0,0.09,P001_fir_genuine.pdf,,,,,,,,,,,,,,,,,,2023/FIR/0852,"Dwarka Sector 7, South-West Delhi","120B, 420, 467 IPC",Rahul Bhat
P002-COV,P002,Sunita Sharma,COVID Vaccination Certificate,covid,08-Feb-2021,"Ministry of Health & Family Welfare, CoWIN Portal",0,0.09,P002_covid_genuine.pdf,CORBEVAX,2nd Dose,"PHC Mumbai, Ward 19",5078571542948944,,,,,,,,,,,,,,,,,
P002-DEG,P002,Sunita Sharma,Degree Certificate,degree,15-Jun-2020,Mumbai University,0,0.09,P002_degree_genuine.pdf,,,,,Bachelor of Commerce,Accounting & Finance,Mumbai University,7.4,MU/2016/74942,2020,,,,,,,,,,,
P002-PRO,P002,Sunita Sharma,Property Sale Deed,property,02-Sep-2021,"Sub-Registrar Office, Mumbai",0,0.16,P002_property_genuine.pdf,,,,,,,,,,,Sunita Sharma,Arjun Dubey,196,4250000,255000,42500,SRO/MUM/2020/2899,,,,
P002-FIR,P002,Sunita Sharma,First Information Report,fir,28-Nov-2020,"Delhi Police — Vaishali Nagar, Jaipur",1,0.73,P002_fir_forged.pdf,,,,,,,,,,,,,,,,,,2020/FIR/0523,"Vaishali Nagar, Jaipur","120B, 420, 467 IPC",Sunita Sharma
P003-COV,P003,Vandana Agarwal,COVID Vaccination Certificate,covid,16-Dec-2022,"Ministry of Health & Family Welfare, CoWIN Portal",1,0.83,P003_covid_forged.pdf,CORBEVAX,2nd Dose,"PHC Chandigarh, Ward 4",0677304281961927,,,,,,,,,,,,,,,,,
P003-DEG,P003,Vandana Agarwal,Degree Certificate,degree,15-Jun-2016,Rajasthan University,1,0.81,P003_degree_forged.pdf,,,,,Bachelor of Commerce,Accounting & Finance,Rajasthan University,7.9,RA/2012/64387,2016,,,,,,,,,,,
P003-PRO,P003,Vandana Agarwal,Property Sale Deed,property,15-Mar-2024,"Sub-Registrar Office, Chandigarh",0,0.17,P003_property_genuine.pdf,,,,,,,,,,,Vandana Agarwal,Amit Shukla,217,14350000,861000,143500,SRO/CHA/2020/9903,,,,
P003-FIR,P003,Vandana Agarwal,First Information Report,fir,08-Dec-2021,"Delhi Police — Hazratganj, Lucknow",0,0.16,P003_fir_genuine.pdf,,,,,,,,,,,,,,,,,,2021/FIR/0339,"Hazratganj, Lucknow","120B, 420, 467 IPC",Vandana Agarwal
P004-COV,P004,Suresh Dubey,COVID Vaccination Certificate,covid,24-Jun-2021,"Ministry of Health & Family Welfare, CoWIN Portal",0,0.1,P004_covid_genuine.pdf,Sputnik V,2nd Dose,"PHC Mumbai, Ward 16",7836894055884547,,,,,,,,,,,,,,,,,
P004-DEG,P004,Suresh Dubey,Degree Certificate,degree,15-Jun-2016,IIT Delhi,0,0.09,P004_degree_genuine.pdf,,,,,Bachelor of Commerce,Accounting & Finance,IIT Delhi,7.6,II/2012/44737,2016,,,,,,,,,,,
P004-PRO,P004,Suresh Dubey,Property Sale Deed,property,21-Jul-2023,"Sub-Registrar Office, Mumbai",0,0.13,P004_property_genuine.pdf,,,,,,,,,,,Suresh Dubey,Amit Tiwari,100,10400000,624000,104000,SRO/MUM/2024/9742,,,,
P004-FIR,P004,Suresh Dubey,First Information Report,fir,02-Sep-2023,"Delhi Police — Hazratganj, Lucknow",0,0.13,P004_fir_genuine.pdf,,,,,,,,,,,,,,,,,,2023/FIR/0340,"Hazratganj, Lucknow","420, 406, 34 IPC",Suresh Dubey
P005-COV,P005,Pankaj Mishra,COVID Vaccination Certificate,covid,03-Dec-2021,"Ministry of Health & Family Welfare, CoWIN Portal",0,0.13,P005_covid_genuine.pdf,CORBEVAX,2nd Dose,"PHC Bhopal, Ward 14",9771120303424611,,,,,,,,,,,,,,,,,
P005-DEG,P005,Pankaj Mishra,Degree Certificate,degree,15-Jun-2018,Pune University,1,0.84,P005_degree_forged.pdf,,,,,Bachelor of Architecture,Urban Design,Pune University,8.5,PU/2014/40433,2018,,,,,,,,,,,
P005-PRO,P005,Pankaj Mishra,Property Sale Deed,property,12-Aug-2018,"Sub-Registrar Office, Bhopal",1,0.94,P005_property_forged.pdf,,,,,,,,,,,Pankaj Mishra,Usha Dubey,269,15550000,933000,155500,SRO/BHO/2020/5949,,,,
P005-FIR,P005,Pankaj Mishra,First Information Report,fir,27-Jan-2022,"Delhi Police — Kothrud, Pune",0,0.12,P005_fir_genuine.pdf,,,,,,,,,,,,,,,,,,2022/FIR/0108,"Kothrud, Pune","419, 420 IPC",Pankaj Mishra
P006-COV,P006,Kavita Saxena,COVID Vaccination Certificate,covid,25-May-2022,"Ministry of Health & Family Welfare, CoWIN Portal",1,0.8,P006_covid_forged.pdf,COVISHIELD (AstraZeneca),2nd Dose,"PHC Hyderabad, Ward 8",6366676869634570,,,,,,,,,,,,,,,,,
P006-DEG,P006,Kavita Saxena,Degree Certificate,degree,15-Jun-2019,NIT Trichy,1,0.91,P006_degree_forged.pdf,,,,,Bachelor of Commerce,Accounting & Finance,NIT Trichy,10.0,NI/2015/48684,2019,,,,,,,,,,,
P006-PRO,P006,Kavita Saxena,Property Sale Deed,property,12-Sep-2021,"Sub-Registrar Office, Hyderabad",0,0.14,P006_property_genuine.pdf,,,,,,,,,,,Kavita Saxena,Ajay Yadav,103,12100000,726000,121000,SRO/HYD/2018/3024,,,,
P006-FIR,P006,Kavita Saxena,First Information Report,fir,13-Oct-2022,"Delhi Police — Park Street, Kolkata",0,0.08,P006_fir_genuine.pdf,,,,,,,,,,,,,,,,,,2022/FIR/0791,"Park Street, Kolkata","420, 406, 34 IPC",Kavita Saxena
P007-COV,P007,Shweta Thakur,COVID Vaccination Certificate,covid,08-Oct-2022,"Ministry of Health & Family Welfare, CoWIN Portal",1,0.87,P007_covid_forged.pdf,COVISHIELD (AstraZeneca),2nd Dose,"PHC Gurugram, Ward 3",6476100912533965,,,,,,,,,,,,,,,,,
P007-DEG,P007,Shweta Thakur,Degree Certificate,degree,15-Jun-2018,IIT Mumbai,0,0.16,P007_degree_genuine.pdf,,,,,Master of Business Administration,Finance,IIT Mumbai,7.6,II/2014/40947,2018,,,,,,,,,,,
P007-PRO,P007,Shweta Thakur,Property Sale Deed,property,12-Nov-2018,"Sub-Registrar Office, Gurugram",1,0.78,P007_property_forged.pdf,,,,,,,,,,,Shweta Thakur,Suman Menon,261,5300000,318000,53000,SRO/GUR/2020/8450,,,,
P007-FIR,P007,Shweta Thakur,First Information Report,fir,27-Feb-2021,"Delhi Police — Vaishali Nagar, Jaipur",0,0.08,P007_fir_genuine.pdf,,,,,,,,,,,,,,,,,,2021/FIR/0700,"Vaishali Nagar, Jaipur","467, 468, 471 IPC",Shweta Thakur
P008-COV,P008,Pooja Thakur,COVID Vaccination Certificate,covid,26-Mar-2022,"Ministry of Health & Family Welfare, CoWIN Portal",1,0.91,P008_covid_forged.pdf,COVAXIN (Bharat Biotech),2nd Dose,"PHC Gurugram, Ward 20",0811216007231075,,,,,,,,,,,,,,,,,
P008-DEG,P008,Pooja Thakur,Degree Certificate,degree,15-Jun-2019,IIT Mumbai,1,0.98,P008_degree_forged.pdf,,,,,Bachelor of Medicine,General Medicine,IIT Mumbai,8.6,II/2015/17972,2019,,,,,,,,,,,
P008-PRO,P008,Pooja Thakur,Property Sale Deed,property,05-Feb-2019,"Sub-Registrar Office, Gurugram",0,0.13,P008_property_genuine.pdf,,,,,,,,,,,Pooja Thakur,Ajay Srivastava,150,10300000,618000,103000,SRO/GUR/2021/5831,,,,
P008-FIR,P008,Pooja Thakur,First Information Report,fir,04-Dec-2020,"Delhi Police — Vaishali Nagar, Jaipur",1,0.84,P008_fir_forged.pdf,,,,,,,,,,,,,,,,,,2020/FIR/0540,"Vaishali Nagar, Jaipur","467, 468, 471 IPC",Pooja Thakur
P009-COV,P009,Pooja Singh,COVID Vaccination Certificate,covid,22-Jun-2022,"Ministry of Health & Family Welfare, CoWIN Portal",0,0.15,P009_covid_genuine.pdf,CORBEVAX,2nd Dose,"PHC Hyderabad, Ward 9",3190800785553136,,,,,,,,,,,,,,,,,
P009-DEG,P009,Pooja Singh,Degree Certificate,degree,15-Jun-2019,NIT Trichy,1,0.85,P009_degree_forged.pdf,,,,,Bachelor of Technology,Computer Science & Engineering,NIT Trichy,8.8,NI/2015/85748,2019,,,,,,,,,,,
P009-PRO,P009,Pooja Singh,Property Sale Deed,property,19-May-2024,"Sub-Registrar Office, Hyderabad",0,0.14,P009_property_genuine.pdf,,,,,,,,,,,Pooja Singh,Mukesh Thakur,137,12950000,777000,129500,SRO/HYD/2024/1430,,,,
P009-FIR,P009,Pooja Singh,First Information Report,fir,06-Jan-2022,"Delhi Police — T. Nagar, Chennai",1,0.81,P009_fir_forged.pdf,,,,,,,,,,,,,,,,,,2022/FIR/0447,"T. Nagar, Chennai","419, 420 IPC",Pooja Singh
P010-COV,P010,Vijay Bhat,COVID Vaccination Certificate,covid,14-Jul-2021,"Ministry of Health & Family Welfare, CoWIN Portal",1,0.75,P010_covid_forged.pdf,COVISHIELD (AstraZeneca),2nd Dose,"PHC Jaipur, Ward 15",3377500166264427,,,,,,,,,,,,,,,,,
P010-DEG,P010,Vijay Bhat,Degree Certificate,degree,15-Jun-2015,Pune University,1,0.92,P010_degree_forged.pdf,,,,,Bachelor of Architecture,Urban Design,Pune University,6.7,PU/2011/37686,2015,,,,,,,,,,,
P010-PRO,P010,Vijay Bhat,Property Sale Deed,property,18-Jul-2019,"Sub-Registrar Office, Jaipur",1,0.94,P010_property_forged.pdf,,,,,,,,,,,Vijay Bhat,Rekha Dubey,294,17050000,1023000,170500,SRO/JAI/2024/6802,,,,
P010-FIR,P010,Vijay Bhat,First Information Report,fir,23-Jul-2024,"Delhi Police — Kothrud, Pune",0,0.1,P010_fir_genuine.pdf,,,,,,,,,,,,,,,,,,2024/FIR/0217,"Kothrud, Pune","419, 420 IPC",Vijay Bhat
P011-COV,P011,Kavita Desai,COVID Vaccination Certificate,covid,15-Oct-2021,"Ministry of Health & Family Welfare, CoWIN Portal",1,0.93,P011_covid_forged.pdf,CORBEVAX,2nd Dose,"PHC New Delhi, Ward 12",0825533331515937,,,,,,,,,,,,,,,,,
P011-DEG,P011,Kavita Desai,Degree Certificate,degree,15-Jun-2017,Bangalore University,0,0.11,P011_degree_genuine.pdf,,,,,Bachelor of Technology,Electronics & Communication,Bangalore University,9.3,BA/2013/92306,2017,,,,,,,,,,,
P011-PRO,P011,Kavita Desai,Property Sale Deed,property,25-Oct-2024,"Sub-Registrar Office, New Delhi",0,0.07,P011_property_genuine.pdf,,,,,,,,,,,Kavita Desai,Pankaj Tiwari,228,13450000,807000,134500,SRO/NEW/2023/6295,,,,
P011-FIR,P011,Kavita Desai,First Information Report,fir,15-Aug-2020,"Delhi Police — T. Nagar, Chennai",1,0.73,P011_fir_forged.pdf,,,,,,,,,,,,,,,,,,2020/FIR/0705,"T. Nagar, Chennai","419, 420 IPC",Kavita Desai
P012-COV,P012,Lalita Agarwal,COVID Vaccination Certificate,covid,20-Oct-2021,"Ministry of Health & Family Welfare, CoWIN Portal",1,0.89,P012_covid_forged.pdf,COVISHIELD (AstraZeneca),2nd Dose,"PHC Jaipur, Ward 17",3597095165948890,,,,,,,,,,,,,,,,,
P012-DEG,P012,Lalita Agarwal,Degree Certificate,degree,15-Jun-2019,Calcutta University,1,0.88,P012_degree_forged.pdf,,,,,Master of Business Administration,Finance,Calcutta University,8.3,CA/2015/98984,2019,,,,,,,,,,,
P012-PRO,P012,Lalita Agarwal,Property Sale Deed,property,20-Nov-2023,"Sub-Registrar Office, Jaipur",0,0.18,P012_property_genuine.pdf,,,,,,,,,,,Lalita Agarwal,Shweta Mishra,118,10500000,630000,105000,SRO/JAI/2018/3317,,,,
P012-FIR,P012,Lalita Agarwal,First Information Report,fir,20-Mar-2023,"Delhi Police — Andheri (West), Mumbai",0,0.1,P012_fir_genuine.pdf,,,,,,,,,,,,,,,,,,2023/FIR/0672,"Andheri (West), Mumbai","419, 420 IPC",Lalita Agarwal
P013-COV,P013,Dinesh Sharma,COVID Vaccination Certificate,covid,23-Nov-2021,"Ministry of Health & Family Welfare, CoWIN Portal",1,0.86,P013_covid_forged.pdf,CORBEVAX,2nd Dose,"PHC Noida, Ward 17",0650393719127557,,,,,,,,,,,,,,,,,
P013-DEG,P013,Dinesh Sharma,Degree Certificate,degree,15-Jun-2022,IIT Madras,0,0.14,P013_degree_genuine.pdf,,,,,Bachelor of Commerce,Accounting & Finance,IIT Madras,6.2,II/2018/57749,2022,,,,,,,,,,,
P013-PRO,P013,Dinesh Sharma,Property Sale Deed,property,20-Aug-2019,"Sub-Registrar Office, Noida",0,0.17,P013_property_genuine.pdf,,,,,,,,,,,Dinesh Sharma,Mohan Chauhan,152,13450000,807000,134500,SRO/NOI/2019/6070,,,,
P013-FIR,P013,Dinesh Sharma,First Information Report,fir,22-Jun-2021,"Delhi Police — Hazratganj, Lucknow",0,0.15,P013_fir_genuine.pdf,,,,,,,,,,,,,,,,,,2021/FIR/0572,"Hazratganj, Lucknow","120B, 420, 467 IPC",Dinesh Sharma
P014-COV,P014,Vikas Yadav,COVID Vaccination Certificate,covid,27-Mar-2022,"Ministry of Health & Family Welfare, CoWIN Portal",0,0.08,P014_covid_genuine.pdf,Sputnik V,2nd Dose,"PHC Chandigarh, Ward 7",8126851882729149,,,,,,,,,,,,,,,,,
P014-DEG,P014,Vikas Yadav,Degree Certificate,degree,15-Jun-2015,Gujarat University,0,0.12,P014_degree_genuine.pdf,,,,,Master of Business Administration,Finance,Gujarat University,7.5,GU/2011/61964,2015,,,,,,,,,,,
P014-PRO,P014,Vikas Yadav,Property Sale Deed,property,03-Jul-2019,"Sub-Registrar Office, Chandigarh",1,0.76,P014_property_forged.pdf,,,,,,,,,,,Vikas Yadav,Mohan Patel,209,4200000,252000,42000,SRO/CHA/2018/6493,,,,
P014-FIR,P014,Vikas Yadav,First Information Report,fir,27-Apr-2022,"Delhi Police — Koramangala, Bengaluru",1,0.88,P014_fir_forged.pdf,,,,,,,,,,,,,,,,,,2022/FIR/0844,"Koramangala, Bengaluru","406, 420, 506 IPC",Vikas Yadav
P015-COV,P015,Neha Kumar,COVID Vaccination Certificate,covid,27-Feb-2021,"Ministry of Health & Family Welfare, CoWIN Portal",1,0.86,P015_covid_forged.pdf,Sputnik V,2nd Dose,"PHC New Delhi, Ward 16",5052146246090559,,,,,,,,,,,,,,,,,
P015-DEG,P015,Neha Kumar,Degree Certificate,degree,15-Jun-2020,IIT Madras,1,0.92,P015_degree_forged.pdf,,,,,Bachelor of Technology,Electronics & Communication,IIT Madras,7.6,II/2016/23587,2020,,,,,,,,,,,
P015-PRO,P015,Neha Kumar,Property Sale Deed,property,16-Dec-2021,"Sub-Registrar Office, New Delhi",0,0.08,P015_property_genuine.pdf,,,,,,,,,,,Neha Kumar,Kavita Mishra,241,6650000,399000,66500,SRO/NEW/2024/8498,,,,
P015-FIR,P015,Neha Kumar,First Information Report,fir,11-Jan-2021,"Delhi Police — T. Nagar, Chennai",0,0.18,P015_fir_genuine.pdf,,,,,,,,,,,,,,,,,,2021/FIR/0507,"T. Nagar, Chennai","406, 420, 506 IPC",Neha Kumar
P016-COV,P016,Girish Chauhan,COVID Vaccination Certificate,covid,25-Jan-2022,"Ministry of Health & Family Welfare, CoWIN Portal",1,0.74,P016_covid_forged.pdf,Sputnik V,2nd Dose,"PHC Jaipur, Ward 7",2806274449316372,,,,,,,,,,,,,,,,,
P016-DEG,P016,Girish Chauhan,Degree Certificate,degree,15-Jun-2019,Calcutta University,0,0.07,P016_degree_genuine.pdf,,,,,Bachelor of Arts,Economics,Calcutta University,7.6,CA/2015/65851,2019,,,,,,,,,,,
P016-PRO,P016,Girish Chauhan,Property Sale Deed,property,15-Jun-2021,"Sub-Registrar Office, Jaipur",0,0.13,P016_property_genuine.pdf,,,,,,,,,,,Girish Chauhan,Rekha Menon,90,11000000,660000,110000,SRO/JAI/2022/1939,,,,
P016-FIR,P016,Girish Chauhan,First Information Report,fir,26-Sep-2022,"Delhi Police — Koramangala, Bengaluru",1,0.94,P016_fir_forged.pdf,,,,,,,,,,,,,,,,,,2022/FIR/0246,"Koramangala, Bengaluru","420, 406, 34 IPC",Girish Chauhan
P017-COV,P017,Kiran Mishra,COVID Vaccination Certificate,covid,15-Nov-2021,"Ministry of Health & Family Welfare, CoWIN Portal",0,0.09,P017_covid_genuine.pdf,COVISHIELD (AstraZeneca),2nd Dose,"PHC Pune, Ward 12",3755362174352249,,,,,,,,,,,,,,,,,
P017-DEG,P017,Kiran Mishra,Degree Certificate,degree,15-Jun-2018,BITS Pilani,0,0.11,P017_degree_genuine.pdf,,,,,Bachelor of Law,Criminal Law,BITS Pilani,6.4,BI/2014/19706,2018,,,,,,,,,,,
P017-PRO,P017,Kiran Mishra,Property Sale Deed,property,03-Aug-2023,"Sub-Registrar Office, Pune",1,0.76,P017_property_forged.pdf,,,,,,,,,,,Kiran Mishra,Swati Saxena,327,13600000,816000,136000,SRO/PUN/2018/5757,,,,
P017-FIR,P017,Kiran Mishra,First Information Report,fir,18-Jun-2020,"Delhi Police — Hazratganj, Lucknow",0,0.15,P017_fir_genuine.pdf,,,,,,,,,,,,,,,,,,2020/FIR/0578,"Hazratganj, Lucknow","419, 420 IPC",Kiran Mishra
P018-COV,P018,Ashok Nair,COVID Vaccination Certificate,covid,10-Feb-2021,"Ministry of Health & Family Welfare, CoWIN Portal",0,0.11,P018_covid_genuine.pdf,COVAXIN (Bharat Biotech),2nd Dose,"PHC Hyderabad, Ward 13",9757809646387619,,,,,,,,,,,,,,,,,
P018-DEG,P018,Ashok Nair,Degree Certificate,degree,15-Jun-2016,BITS Pilani,1,0.8,P018_degree_forged.pdf,,,,,Bachelor of Technology,Computer Science & Engineering,BITS Pilani,8.5,BI/2012/31229,2016,,,,,,,,,,,
P018-PRO,P018,Ashok Nair,Property Sale Deed,property,21-Mar-2020,"Sub-Registrar Office, Hyderabad",1,0.88,P018_property_forged.pdf,,,,,,,,,,,Ashok Nair,Ritu Menon,216,6450000,387000,64500,SRO/HYD/2023/3526,,,,
P018-FIR,P018,Ashok Nair,First Information Report,fir,14-Oct-2021,"Delhi Police — Hazratganj, Lucknow",1,0.95,P018_fir_forged.pdf,,,,,,,,,,,,,,,,,,2021/FIR/0609,"Hazratganj, Lucknow","420, 406, 34 IPC",Ashok Nair
P019-COV,P019,Rajesh Kumar,COVID Vaccination Certificate,covid,14-Aug-2021,"Ministry of Health & Family Welfare, CoWIN Portal",0,0.17,P019_covid_genuine.pdf,COVISHIELD (AstraZeneca),2nd Dose,"PHC Chennai, Ward 16",4318393375121410,,,,,,,,,,,,,,,,,
P019-DEG,P019,Rajesh Kumar,Degree Certificate,degree,15-Jun-2021,NIT Trichy,0,0.16,P019_degree_genuine.pdf,,,,,Bachelor of Architecture,Urban Design,NIT Trichy,6.9,NI/2017/30932,2021,,,,,,,,,,,
P019-PRO,P019,Rajesh Kumar,Property Sale Deed,property,11-Dec-2022,"Sub-Registrar Office, Chennai",1,0.97,P019_property_forged.pdf,,,,,,,,,,,Rajesh Kumar,Sunita Singh,158,16850000,1011000,168500,SRO/CHE/2021/9148,,,,
P019-FIR,P019,Rajesh Kumar,First Information Report,fir,22-Nov-2024,"Delhi Police — Satellite, Ahmedabad",0,0.05,P019_fir_genuine.pdf,,,,,,,,,,,,,,,,,,2024/FIR/0649,"Satellite, Ahmedabad","419, 420 IPC",Rajesh Kumar
P020-COV,P020,Anita Gupta,COVID Vaccination Certificate,covid,09-Mar-2022,"Ministry of Health & Family Welfare, CoWIN Portal",1,0.81,P020_covid_forged.pdf,COVISHIELD (AstraZeneca),2nd Dose,"PHC Mumbai, Ward 12",7345150572961937,,,,,,,,,,,,,,,,,
P020-DEG,P020,Anita Gupta,Degree Certificate,degree,15-Jun-2022,IIT Mumbai,0,0.13,P020_degree_genuine.pdf,,,,,Master of Business Administration,Finance,IIT Mumbai,7.8,II/2018/29521,2022,,,,,,,,,,,
P020-PRO,P020,Anita Gupta,Property Sale Deed,property,11-Mar-2022,"Sub-Registrar Office, Mumbai",0,0.12,P020_property_genuine.pdf,,,,,,,,,,,Anita Gupta,Dinesh Tiwari,236,10150000,609000,101500,SRO/MUM/2019/5902,,,,
P020-FIR,P020,Anita Gupta,First Information Report,fir,16-Sep-2024,"Delhi Police — Hazratganj, Lucknow",1,0.93,P020_fir_forged.pdf,,,,,,,,,,,,,,,,,,2024/FIR/0586,"Hazratganj, Lucknow","419, 420 IPC",Anita Gupta
P021-COV,P021,Amit Dubey,COVID Vaccination Certificate,covid,21-May-2022,"Ministry of Health & Family Welfare, CoWIN Portal",0,0.1,P021_covid_genuine.pdf,COVISHIELD (AstraZeneca),2nd Dose,"PHC Noida, Ward 19",5751668160910316,,,,,,,,,,,,,,,,,
P021-DEG,P021,Amit Dubey,Degree Certificate,degree,15-Jun-2022,IIT Madras,0,0.14,P021_degree_genuine.pdf,,,,,Bachelor of Architecture,Urban Design,IIT Madras,9.1,II/2018/18163,2022,,,,,,,,,,,
P021-PRO,P021,Amit Dubey,Property Sale Deed,property,18-Apr-2022,"Sub-Registrar Office, Noida",0,0.12,P021_property_genuine.pdf,,,,,,,,,,,Amit Dubey,Ajay Thakur,163,14200000,852000,142000,SRO/NOI/2022/3837,,,,
P021-FIR,P021,Amit Dubey,First Information Report,fir,22-Jun-2024,"Delhi Police — T. Nagar, Chennai",1,0.77,P021_fir_forged.pdf,,,,,,,,,,,,,,,,,,2024/FIR/0595,"T. Nagar, Chennai","406, 420, 506 IPC",Amit Dubey
P022-COV,P022,Sarita Kumar,COVID Vaccination Certificate,covid,16-Jun-2022,"Ministry of Health & Family Welfare, CoWIN Portal",0,0.15,P022_covid_genuine.pdf,COVAXIN (Bharat Biotech),2nd Dose,"PHC Bhopal, Ward 12",5972558337109096,,,,,,,,,,,,,,,,,
P022-DEG,P022,Sarita Kumar,Degree Certificate,degree,15-Jun-2023,Anna University,0,0.14,P022_degree_genuine.pdf,,,,,Bachelor of Science,Physics,Anna University,6.9,AN/2019/83664,2023,,,,,,,,,,,
P022-PRO,P022,Sarita Kumar,Property Sale Deed,property,20-Feb-2019,"Sub-Registrar Office, Bhopal",1,0.73,P022_property_forged.pdf,,,,,,,,,,,Sarita Kumar,Pankaj Kumar,326,9350000,561000,93500,SRO/BHO/2018/4697,,,,
P022-FIR,P022,Sarita Kumar,First Information Report,fir,21-Aug-2023,"Delhi Police — Banjara Hills, Hyderabad",0,0.09,P022_fir_genuine.pdf,,,,,,,,,,,,,,,,,,2023/FIR/0428,"Banjara Hills, Hyderabad","419, 420 IPC",Sarita Kumar
P023-COV,P023,Sandeep Pandey,COVID Vaccination Certificate,covid,19-Nov-2021,"Ministry of Health & Family Welfare, CoWIN Portal",1,0.87,P023_covid_forged.pdf,COVISHIELD (AstraZeneca),2nd Dose,"PHC Ahmedabad, Ward 8",5799181993499980,,,,,,,,,,,,,,,,,
P023-DEG,P023,Sandeep Pandey,Degree Certificate,degree,15-Jun-2023,BITS Pilani,0,0.16,P023_degree_genuine.pdf,,,,,Bachelor of Commerce,Accounting & Finance,BITS Pilani,7.6,BI/2019/35272,2023,,,,,,,,,,,
P023-PRO,P023,Sandeep Pandey,Property Sale Deed,property,24-Mar-2020,"Sub-Registrar Office, Ahmedabad",1,0.92,P023_property_forged.pdf,,,,,,,,,,,Sandeep Pandey,Rakesh Menon,233,7250000,435000,72500,SRO/AHM/2023/5833,,,,
P023-FIR,P023,Sandeep Pandey,First Information Report,fir,05-Mar-2020,"Delhi Police — Satellite, Ahmedabad",0,0.05,P023_fir_genuine.pdf,,,,,,,,,,,,,,,,,,2020/FIR/0354,"Satellite, Ahmedabad","419, 420 IPC",Sandeep Pandey
P024-COV,P024,Nisha Rao,COVID Vaccination Certificate,covid,25-Aug-2021,"Ministry of Health & Family Welfare, CoWIN Portal",0,0.09,P024_covid_genuine.pdf,Sputnik V,2nd Dose,"PHC Noida, Ward 9",9370660134587319,,,,,,,,,,,,,,,,,
P024-DEG,P024,Nisha Rao,Degree Certificate,degree,15-Jun-2018,Lucknow University,1,0.91,P024_degree_forged.pdf,,,,,Bachelor of Science,Physics,Lucknow University,10.0,LU/2014/69634,2018,,,,,,,,,,,
P024-PRO,P024,Nisha Rao,Property Sale Deed,property,28-Oct-2023,"Sub-Registrar Office, Noida",0,0.12,P024_property_genuine.pdf,,,,,,,,,,,Nisha Rao,Rekha Thakur,281,4050000,243000,40500,SRO/NOI/2022/6927,,,,
P024-FIR,P024,Nisha Rao,First Information Report,fir,17-Sep-2020,"Delhi Police — Banjara Hills, Hyderabad",0,0.07,P024_fir_genuine.pdf,,,,,,,,,,,,,,,,,,2020/FIR/0649,"Banjara Hills, Hyderabad","406, 420, 506 IPC",Nisha Rao
P025-COV,P025,Sunita Verma,COVID Vaccination Certificate,covid,22-Feb-2022,"Ministry of Health & Family Welfare, CoWIN Portal",0,0.11,P025_covid_genuine.pdf,CORBEVAX,2nd Dose,"PHC Lucknow, Ward 7",7484014556302020,,,,,,,,,,,,,,,,,
P025-DEG,P025,Sunita Verma,Degree Certificate,degree,15-Jun-2023,IIT Mumbai,0,0.18,P025_degree_genuine.pdf,,,,,Bachelor of Technology,Electronics & Communication,IIT Mumbai,9.5,II/2019/19046,2023,,,,,,,,,,,
P025-PRO,P025,Sunita Verma,Property Sale Deed,property,10-Jan-2021,"Sub-Registrar Office, Lucknow",0,0.1,P025_property_genuine.pdf,,,,,,,,,,,Sunita Verma,Rahul Trivedi,184,6600000,396000,66000,SRO/LUC/2024/7887,,,,
P025-FIR,P025,Sunita Verma,First Information Report,fir,03-Jul-2023,"Delhi Police — Vaishali Nagar, Jaipur",0,0.16,P025_fir_genuine.pdf,,,,,,,,,,,,,,,,,,2023/FIR/0769,"Vaishali Nagar, Jaipur","467, 468, 471 IPC",Sunita Verma
P026-COV,P026,Girish Saxena,COVID Vaccination Certificate,covid,13-Sep-2021,"Ministry of Health & Family Welfare, CoWIN Portal",0,0.14,P026_covid_genuine.pdf,COVISHIELD (AstraZeneca),2nd Dose,"PHC Hyderabad, Ward 17",1987947432411870,,,,,,,,,,,,,,,,,
P026-DEG,P026,Girish Saxena,Degree Certificate,degree,15-Jun-2018,Lucknow University,1,0.84,P026_degree_forged.pdf,,,,,Bachelor of Technology,Computer Science & Engineering,Lucknow University,7.3,LU/2014/14400,2018,,,,,,,,,,,
P026-PRO,P026,Girish Saxena,Property Sale Deed,property,10-Sep-2019,"Sub-Registrar Office, Hyderabad",0,0.16,P026_property_genuine.pdf,,,,,,,,,,,Girish Saxena,Seema Mishra,139,10150000,609000,101500,SRO/HYD/2022/6253,,,,
P026-FIR,P026,Girish Saxena,First Information Report,fir,14-Apr-2024,"Delhi Police — T. Nagar, Chennai",0,0.12,P026_fir_genuine.pdf,,,,,,,,,,,,,,,,,,2024/FIR/0162,"T. Nagar, Chennai","419, 420 IPC",Girish Saxena
P027-COV,P027,Pooja Mehta,COVID Vaccination Certificate,covid,16-Sep-2022,"Ministry of Health & Family Welfare, CoWIN Portal",0,0.18,P027_covid_genuine.pdf,COVAXIN (Bharat Biotech),2nd Dose,"PHC Gurugram, Ward 2",9967341374837895,,,,,,,,,,,,,,,,,
P027-DEG,P027,Pooja Mehta,Degree Certificate,degree,15-Jun-2017,Rajasthan University,0,0.08,P027_degree_genuine.pdf,,,,,Bachelor of Medicine,General Medicine,Rajasthan University,7.4,RA/2013/43422,2017,,,,,,,,,,,
P027-PRO,P027,Pooja Mehta,Property Sale Deed,property,15-Feb-2023,"Sub-Registrar Office, Gurugram",0,0.1,P027_property_genuine.pdf,,,,,,,,,,,Pooja Mehta,Meena Agarwal,296,11450000,687000,114500,SRO/GUR/2018/4120,,,,
P027-FIR,P027,Pooja Mehta,First Information Report,fir,02-Oct-2024,"Delhi Police — Andheri (West), Mumbai",1,0.92,P027_fir_forged.pdf,,,,,,,,,,,,,,,,,,2024/FIR/0923,"Andheri (West), Mumbai","467, 468, 471 IPC",Pooja Mehta
P028-COV,P028,Rahul Shukla,COVID Vaccination Certificate,covid,23-Apr-2022,"Ministry of Health & Family Welfare, CoWIN Portal",0,0.09,P028_covid_genuine.pdf,COVISHIELD (AstraZeneca),2nd Dose,"PHC Lucknow, Ward 20",7323246338487732,,,,,,,,,,,,,,,,,
P028-DEG,P028,Rahul Shukla,Degree Certificate,degree,15-Jun-2018,University of Delhi,0,0.08,P028_degree_genuine.pdf,,,,,Bachelor of Architecture,Urban Design,University of Delhi,8.6,UN/2014/12125,2018,,,,,,,,,,,
P028-PRO,P028,Rahul Shukla,Property Sale Deed,property,24-Oct-2022,"Sub-Registrar Office, Lucknow",1,0.89,P028_property_forged.pdf,,,,,,,,,,,Rahul Shukla,Ravi Nair,224,7000000,420000,70000,SRO/LUC/2020/5026,,,,
P028-FIR,P028,Rahul Shukla,First Information Report,fir,24-Mar-2021,"Delhi Police — Vaishali Nagar, Jaipur",0,0.17,P028_fir_genuine.pdf,,,,,,,,,,,,,,,,,,2021/FIR/0288,"Vaishali Nagar, Jaipur","120B, 420, 467 IPC",Rahul Shukla
P029-COV,P029,Mahesh Mishra,COVID Vaccination Certificate,covid,27-Feb-2021,"Ministry of Health & Family Welfare, CoWIN Portal",1,0.86,P029_covid_forged.pdf,COVISHIELD (AstraZeneca),2nd Dose,"PHC Bengaluru, Ward 2",7482705366644050,,,,,,,,,,,,,,,,,
P029-DEG,P029,Mahesh Mishra,Degree Certificate,degree,15-Jun-2023,Mumbai University,0,0.13,P029_degree_genuine.pdf,,,,,Bachelor of Technology,Electronics & Communication,Mumbai University,6.5,MU/2019/35156,2023,,,,,,,,,,,
P029-PRO,P029,Mahesh Mishra,Property Sale Deed,property,09-Jun-2020,"Sub-Registrar Office, Bengaluru",0,0.18,P029_property_genuine.pdf,,,,,,,,,,,Mahesh Mishra,Rakesh Kumar,283,12150000,729000,121500,SRO/BEN/2018/8520,,,,
P029-FIR,P029,Mahesh Mishra,First Information Report,fir,22-May-2021,"Delhi Police — Andheri (West), Mumbai",1,0.83,P029_fir_forged.pdf,,,,,,,,,,,,,,,,,,2021/FIR/0195,"Andheri (West), Mumbai","420, 406, 34 IPC",Mahesh Mishra
P030-COV,P030,Komal Gupta,COVID Vaccination Certificate,covid,28-Oct-2022,"Ministry of Health & Family Welfare, CoWIN Portal",1,0.76,P030_covid_forged.pdf,Sputnik V,2nd Dose,"PHC Patna, Ward 4",8929652962561802,,,,,,,,,,,,,,,,,
P030-DEG,P030,Komal Gupta,Degree Certificate,degree,15-Jun-2020,IIT Delhi,0,0.15,P030_degree_genuine.pdf,,,,,Bachelor of Medicine,General Medicine,IIT Delhi,7.3,II/2016/28343,2020,,,,,,,,,,,
P030-PRO,P030,Komal Gupta,Property Sale Deed,property,03-Dec-2023,"Sub-Registrar Office, Patna",1,0.92,P030_property_forged.pdf,,,,,,,,,,,Komal Gupta,Komal Iyer,250,4150000,249000,41500,SRO/PAT/2021/2245,,,,
P030-FIR,P030,Komal Gupta,First Information Report,fir,14-Jul-2024,"Delhi Police — Koramangala, Bengaluru",1,0.82,P030_fir_forged.pdf,,,,,,,,,,,,,,,,,,2024/FIR/0776,"Koramangala, Bengaluru","406, 420, 506 IPC",Komal Gupta
P031-COV,P031,Anita Menon,COVID Vaccination Certificate,covid,12-Jun-2022,"Ministry of Health & Family Welfare, CoWIN Portal",0,0.1,P031_covid_genuine.pdf,COVAXIN (Bharat Biotech),2nd Dose,"PHC Gurugram, Ward 4",0947104551055780,,,,,,,,,,,,,,,,,
P031-DEG,P031,Anita Menon,Degree Certificate,degree,15-Jun-2023,IIT Madras,1,0.86,P031_degree_forged.pdf,,,,,Bachelor of Technology,Electronics & Communication,IIT Madras,10.0,II/2019/84967,2023,,,,,,,,,,,
P031-PRO,P031,Anita Menon,Property Sale Deed,property,09-Jul-2019,"Sub-Registrar Office, Gurugram",0,0.13,P031_property_genuine.pdf,,,,,,,,,,,Anita Menon,Seema Bhat,187,9650000,579000,96500,SRO/GUR/2021/5123,,,,
P031-FIR,P031,Anita Menon,First Information Report,fir,07-Oct-2024,"Delhi Police — Satellite, Ahmedabad",0,0.09,P031_fir_genuine.pdf,,,,,,,,,,,,,,,,,,2024/FIR/0238,"Satellite, Ahmedabad","420, 406, 34 IPC",Anita Menon
P032-COV,P032,Rahul Tiwari,COVID Vaccination Certificate,covid,13-Oct-2022,"Ministry of Health & Family Welfare, CoWIN Portal",1,0.8,P032_covid_forged.pdf,Sputnik V,2nd Dose,"PHC Chandigarh, Ward 11",4486536641337697,,,,,,,,,,,,,,,,,
P032-DEG,P032,Rahul Tiwari,Degree Certificate,degree,15-Jun-2015,IIT Delhi,1,0.83,P032_degree_forged.pdf,,,,,Bachelor of Medicine,General Medicine,IIT Delhi,10.0,II/2011/37479,2015,,,,,,,,,,,
P032-PRO,P032,Rahul Tiwari,Property Sale Deed,property,23-Mar-2023,"Sub-Registrar Office, Chandigarh",0,0.12,P032_property_genuine.pdf,,,,,,,,,,,Rahul Tiwari,Dinesh Dubey,188,11650000,699000,116500,SRO/CHA/2018/8851,,,,
P032-FIR,P032,Rahul Tiwari,First Information Report,fir,02-Sep-2023,"Delhi Police — Park Street, Kolkata",1,0.89,P032_fir_forged.pdf,,,,,,,,,,,,,,,,,,2023/FIR/0708,"Park Street, Kolkata","406, 420, 506 IPC",Rahul Tiwari
P033-COV,P033,Suresh Trivedi,COVID Vaccination Certificate,covid,04-Jul-2022,"Ministry of Health & Family Welfare, CoWIN Portal",0,0.16,P033_covid_genuine.pdf,Sputnik V,2nd Dose,"PHC Noida, Ward 1",0275623466194290,,,,,,,,,,,,,,,,,
P033-DEG,P033,Suresh Trivedi,Degree Certificate,degree,15-Jun-2020,IIT Mumbai,0,0.15,P033_degree_genuine.pdf,,,,,Bachelor of Commerce,Accounting & Finance,IIT Mumbai,7.1,II/2016/69681,2020,,,,,,,,,,,
P033-PRO,P033,Suresh Trivedi,Property Sale Deed,property,12-Aug-2022,"Sub-Registrar Office, Noida",0,0.09,P033_property_genuine.pdf,,,,,,,,,,,Suresh Trivedi,Divya Singh,201,4450000,267000,44500,SRO/NOI/2021/8412,,,,
P033-FIR,P033,Suresh Trivedi,First Information Report,fir,28-Jan-2020,"Delhi Police — Park Street, Kolkata",0,0.15,P033_fir_genuine.pdf,,,,,,,,,,,,,,,,,,2020/FIR/0793,"Park Street, Kolkata","420, 406, 34 IPC",Suresh Trivedi
P034-COV,P034,Deepak Yadav,COVID Vaccination Certificate,covid,06-Sep-2021,"Ministry of Health & Family Welfare, CoWIN Portal",0,0.06,P034_covid_genuine.pdf,COVAXIN (Bharat Biotech),2nd Dose,"PHC Patna, Ward 11",5924164061537278,,,,,,,,,,,,,,,,,
P034-DEG,P034,Deepak Yadav,Degree Certificate,degree,15-Jun-2017,Mumbai University,0,0.11,P034_degree_genuine.pdf,,,,,Bachelor of Medicine,General Medicine,Mumbai University,7.3,MU/2013/35830,2017,,,,,,,,,,,
P034-PRO,P034,Deepak Yadav,Property Sale Deed,property,28-Nov-2020,"Sub-Registrar Office, Patna",0,0.1,P034_property_genuine.pdf,,,,,,,,,,,Deepak Yadav,Dinesh Gupta,205,10000000,600000,100000,SRO/PAT/2022/7431,,,,
P034-FIR,P034,Deepak Yadav,First Information Report,fir,06-Oct-2023,"Delhi Police — T. Nagar, Chennai",1,0.74,P034_fir_forged.pdf,,,,,,,,,,,,,,,,,,2023/FIR/0704,"T. Nagar, Chennai","406, 420, 506 IPC",Deepak Yadav
P035-COV,P035,Swati Bhat,COVID Vaccination Certificate,covid,20-Jul-2022,"Ministry of Health & Family Welfare, CoWIN Portal",1,0.82,P035_covid_forged.pdf,COVAXIN (Bharat Biotech),2nd Dose,"PHC Bengaluru, Ward 5",5445991121868941,,,,,,,,,,,,,,,,,
P035-DEG,P035,Swati Bhat,Degree Certificate,degree,15-Jun-2016,Gujarat University,0,0.09,P035_degree_genuine.pdf,,,,,Bachelor of Commerce,Accounting & Finance,Gujarat University,8.0,GU/2012/38905,2016,,,,,,,,,,,
P035-PRO,P035,Swati Bhat,Property Sale Deed,property,18-Apr-2020,"Sub-Registrar Office, Bengaluru",1,0.75,P035_property_forged.pdf,,,,,,,,,,,Swati Bhat,Geeta Reddy,183,16000000,960000,160000,SRO/BEN/2023/9369,,,,
P035-FIR,P035,Swati Bhat,First Information Report,fir,28-May-2021,"Delhi Police — Dwarka Sector 7, South-West Delhi",0,0.1,P035_fir_genuine.pdf,,,,,,,,,,,,,,,,,,2021/FIR/0369,"Dwarka Sector 7, South-West Delhi","120B, 420, 467 IPC",Swati Bhat
P036-COV,P036,Ravi Joshi,COVID Vaccination Certificate,covid,25-Feb-2022,"Ministry of Health & Family Welfare, CoWIN Portal",0,0.12,P036_covid_genuine.pdf,COVISHIELD (AstraZeneca),2nd Dose,"PHC Chandigarh, Ward 8",2768646788555192,,,,,,,,,,,,,,,,,
P036-DEG,P036,Ravi Joshi,Degree Certificate,degree,15-Jun-2016,NIT Trichy,0,0.17,P036_degree_genuine.pdf,,,,,Bachelor of Medicine,General Medicine,NIT Trichy,6.5,NI/2012/63948,2016,,,,,,,,,,,
P036-PRO,P036,Ravi Joshi,Property Sale Deed,property,05-Nov-2020,"Sub-Registrar Office, Chandigarh",0,0.16,P036_property_genuine.pdf,,,,,,,,,,,Ravi Joshi,Seema Desai,259,5350000,321000,53500,SRO/CHA/2019/6277,,,,
P036-FIR,P036,Ravi Joshi,First Information Report,fir,05-Aug-2023,"Delhi Police — Hazratganj, Lucknow",0,0.1,P036_fir_genuine.pdf,,,,,,,,,,,,,,,,,,2023/FIR/0742,"Hazratganj, Lucknow","419, 420 IPC",Ravi Joshi
P037-COV,P037,Neha Jain,COVID Vaccination Certificate,covid,26-Nov-2021,"Ministry of Health & Family Welfare, CoWIN Portal",1,0.97,P037_covid_forged.pdf,Sputnik V,2nd Dose,"PHC Chandigarh, Ward 3",4768445880966873,,,,,,,,,,,,,,,,,
P037-DEG,P037,Neha Jain,Degree Certificate,degree,15-Jun-2022,Bangalore University,0,0.15,P037_degree_genuine.pdf,,,,,Bachelor of Architecture,Urban Design,Bangalore University,8.8,BA/2018/99463,2022,,,,,,,,,,,
P037-PRO,P037,Neha Jain,Property Sale Deed,property,21-Feb-2018,"Sub-Registrar Office, Chandigarh",1,0.77,P037_property_forged.pdf,,,,,,,,,,,Neha Jain,Priya Pandey,329,3250000,195000,32500,SRO/CHA/2024/8479,,,,
P037-FIR,P037,Neha Jain,First Information Report,fir,22-Jun-2020,"Delhi Police — Koramangala, Bengaluru",1,0.88,P037_fir_forged.pdf,,,,,,,,,,,,,,,,,,2020/FIR/0505,"Koramangala, Bengaluru","420, 406, 34 IPC",Neha Jain
P038-COV,P038,Asha Pillai,COVID Vaccination Certificate,covid,22-Sep-2021,"Ministry of Health & Family Welfare, CoWIN Portal",1,0.98,P038_covid_forged.pdf,COVAXIN (Bharat Biotech),2nd Dose,"PHC Jaipur, Ward 15",0689410371381771,,,,,,,,,,,,,,,,,
P038-DEG,P038,Asha Pillai,Degree Certificate,degree,15-Jun-2018,Gujarat University,1,0.88,P038_degree_forged.pdf,,,,,Master of Business Administration,Finance,Gujarat University,8.8,GU/2014/63963,2018,,,,,,,,,,,
P038-PRO,P038,Asha Pillai,Property Sale Deed,property,11-Jul-2020,"Sub-Registrar Office, Jaipur",1,0.73,P038_property_forged.pdf,,,,,,,,,,,Asha Pillai,Arjun Rao,310,9650000,579000,96500,SRO/JAI/2023/5668,,,,
P038-FIR,P038,Asha Pillai,First Information Report,fir,04-Jul-2023,"Delhi Police — Banjara Hills, Hyderabad",0,0.13,P038_fir_genuine.pdf,,,,,,,,,,,,,,,,,,2023/FIR/0753,"Banjara Hills, Hyderabad","120B, 420, 467 IPC",Asha Pillai
P039-COV,P039,Asha Bhat,COVID Vaccination Certificate,covid,05-Jun-2022,"Ministry of Health & Family Welfare, CoWIN Portal",0,0.1,P039_covid_genuine.pdf,COVISHIELD (AstraZeneca),2nd Dose,"PHC Chandigarh, Ward 13",8536797002007565,,,,,,,,,,,,,,,,,
P039-DEG,P039,Asha Bhat,Degree Certificate,degree,15-Jun-2016,IIT Mumbai,1,0.79,P039_degree_forged.pdf,,,,,Master of Technology,Artificial Intelligence,IIT Mumbai,9.0,II/2012/30012,2016,,,,,,,,,,,
P039-PRO,P039,Asha Bhat,Property Sale Deed,property,22-Nov-2023,"Sub-Registrar Office, Chandigarh",1,0.74,P039_property_forged.pdf,,,,,,,,,,,Asha Bhat,Meena Kumar,268,12600000,756000,126000,SRO/CHA/2021/4909,,,,
P039-FIR,P039,Asha Bhat,First Information Report,fir,01-Feb-2021,"Delhi Police — Koramangala, Bengaluru",0,0.11,P039_fir_genuine.pdf,,,,,,,,,,,,,,,,,,2021/FIR/0267,"Koramangala, Bengaluru","420, 406, 34 IPC",Asha Bhat
P040-COV,P040,Priya Srivastava,COVID Vaccination Certificate,covid,12-Mar-2022,"Ministry of Health & Family Welfare, CoWIN Portal",0,0.07,P040_covid_genuine.pdf,CORBEVAX,2nd Dose,"PHC Patna, Ward 5",7871834529645081,,,,,,,,,,,,,,,,,
P040-DEG,P040,Priya Srivastava,Degree Certificate,degree,15-Jun-2016,IIT Madras,0,0.05,P040_degree_genuine.pdf,,,,,Bachelor of Technology,Electronics & Communication,IIT Madras,6.8,II/2012/76692,2016,,,,,,,,,,,
P040-PRO,P040,Priya Srivastava,Property Sale Deed,property,08-Jan-2024,"Sub-Registrar Office, Patna",0,0.15,P040_property_genuine.pdf,,,,,,,,,,,Priya Srivastava,Kavita Nair,91,14050000,843000,140500,SRO/PAT/2020/3932,,,,
P040-FIR,P040,Priya Srivastava,First Information Report,fir,11-Apr-2023,"Delhi Police — Banjara Hills, Hyderabad",1,0.8,P040_fir_forged.pdf,,,,,,,,,,,,,,,,,,2023/FIR/0837,"Banjara Hills, Hyderabad","120B, 420, 467 IPC",Priya Srivastava
P041-COV,P041,Lalita Mishra,COVID Vaccination Certificate,covid,03-Jul-2021,"Ministry of Health & Family Welfare, CoWIN Portal",1,0.93,P041_covid_forged.pdf,COVAXIN (Bharat Biotech),2nd Dose,"PHC Gurugram, Ward 15",8730432772399775,,,,,,,,,,,,,,,,,
P041-DEG,P041,Lalita Mishra,Degree Certificate,degree,15-Jun-2020,NIT Trichy,1,0.75,P041_degree_forged.pdf,,,,,Bachelor of Technology,Computer Science & Engineering,NIT Trichy,6.8,NI/2016/50306,2020,,,,,,,,,,,
P041-PRO,P041,Lalita Mishra,Property Sale Deed,property,14-Sep-2019,"Sub-Registrar Office, Gurugram",1,0.93,P041_property_forged.pdf,,,,,,,,,,,Lalita Mishra,Pooja Pillai,302,16550000,993000,165500,SRO/GUR/2018/9280,,,,
P041-FIR,P041,Lalita Mishra,First Information Report,fir,26-Jun-2022,"Delhi Police — Kothrud, Pune",1,0.84,P041_fir_forged.pdf,,,,,,,,,,,,,,,,,,2022/FIR/0425,"Kothrud, Pune","419, 420 IPC",Lalita Mishra
P042-COV,P042,Komal Bhat,COVID Vaccination Certificate,covid,11-Aug-2022,"Ministry of Health & Family Welfare, CoWIN Portal",1,0.82,P042_covid_forged.pdf,COVAXIN (Bharat Biotech),2nd Dose,"PHC Patna, Ward 14",1374480837628179,,,,,,,,,,,,,,,,,
P042-DEG,P042,Komal Bhat,Degree Certificate,degree,15-Jun-2018,Rajasthan University,0,0.15,P042_degree_genuine.pdf,,,,,Bachelor of Medicine,General Medicine,Rajasthan University,6.3,RA/2014/23357,2018,,,,,,,,,,,
P042-PRO,P042,Komal Bhat,Property Sale Deed,property,01-Feb-2019,"Sub-Registrar Office, Patna",1,0.79,P042_property_forged.pdf,,,,,,,,,,,Komal Bhat,Dinesh Reddy,129,6400000,384000,64000,SRO/PAT/2024/2376,,,,
P042-FIR,P042,Komal Bhat,First Information Report,fir,04-Jun-2020,"Delhi Police — Dwarka Sector 7, South-West Delhi",0,0.07,P042_fir_genuine.pdf,,,,,,,,,,,,,,,,,,2020/FIR/0151,"Dwarka Sector 7, South-West Delhi","120B, 420, 467 IPC",Komal Bhat
P043-COV,P043,Rakesh Shah,COVID Vaccination Certificate,covid,01-Aug-2022,"Ministry of Health & Family Welfare, CoWIN Portal",0,0.17,P043_covid_genuine.pdf,Sputnik V,2nd Dose,"PHC Lucknow, Ward 13",6121280622450211,,,,,,,,,,,,,,,,,
P043-DEG,P043,Rakesh Shah,Degree Certificate,degree,15-Jun-2023,Rajasthan University,0,0.15,P043_degree_genuine.pdf,,,,,Bachelor of Science,Physics,Rajasthan University,8.8,RA/2019/60134,2023,,,,,,,,,,,
P043-PRO,P043,Rakesh Shah,Property Sale Deed,property,18-Aug-2020,"Sub-Registrar Office, Lucknow",1,0.8,P043_property_forged.pdf,,,,,,,,,,,Rakesh Shah,Asha Sharma,331,13100000,786000,131000,SRO/LUC/2022/5430,,,,
P043-FIR,P043,Rakesh Shah,First Information Report,fir,04-Mar-2021,"Delhi Police — Banjara Hills, Hyderabad",0,0.12,P043_fir_genuine.pdf,,,,,,,,,,,,,,,,,,2021/FIR/0372,"Banjara Hills, Hyderabad","467, 468, 471 IPC",Rakesh Shah
P044-COV,P044,Girish Singh,COVID Vaccination Certificate,covid,28-Oct-2021,"Ministry of Health & Family Welfare, CoWIN Portal",0,0.11,P044_covid_genuine.pdf,COVISHIELD (AstraZeneca),2nd Dose,"PHC Chennai, Ward 13",3881586907955198,,,,,,,,,,,,,,,,,
P044-DEG,P044,Girish Singh,Degree Certificate,degree,15-Jun-2022,Osmania University,0,0.08,P044_degree_genuine.pdf,,,,,Bachelor of Commerce,Accounting & Finance,Osmania University,6.1,OS/2018/17362,2022,,,,,,,,,,,
P044-PRO,P044,Girish Singh,Property Sale Deed,property,17-Jan-2019,"Sub-Registrar Office, Chennai",0,0.07,P044_property_genuine.pdf,,,,,,,,,,,Girish Singh,Komal Rao,202,2000000,120000,20000,SRO/CHE/2020/3137,,,,
P044-FIR,P044,Girish Singh,First Information Report,fir,01-Jan-2022,"Delhi Police — Koramangala, Bengaluru",0,0.17,P044_fir_genuine.pdf,,,,,,,,,,,,,,,,,,2022/FIR/0821,"Koramangala, Bengaluru","406, 420, 506 IPC",Girish Singh
P045-COV,P045,Rahul Verma,COVID Vaccination Certificate,covid,12-Feb-2022,"Ministry of Health & Family Welfare, CoWIN Portal",0,0.1,P045_covid_genuine.pdf,COVISHIELD (AstraZeneca),2nd Dose,"PHC Hyderabad, Ward 13",5339746437586368,,,,,,,,,,,,,,,,,
P045-DEG,P045,Rahul Verma,Degree Certificate,degree,15-Jun-2017,IIT Mumbai,1,0.82,P045_degree_forged.pdf,,,,,Bachelor of Arts,Economics,IIT Mumbai,7.1,II/2013/85082,2017,,,,,,,,,,,
P045-PRO,P045,Rahul Verma,Property Sale Deed,property,11-Mar-2021,"Sub-Registrar Office, Hyderabad",1,0.89,P045_property_forged.pdf,,,,,,,,,,,Rahul Verma,Kiran Menon,294,9650000,579000,96500,SRO/HYD/2020/2453,,,,
P045-FIR,P045,Rahul Verma,First Information Report,fir,24-Feb-2022,"Delhi Police — Dwarka Sector 7, South-West Delhi",0,0.11,P045_fir_genuine.pdf,,,,,,,,,,,,,,,,,,2022/FIR/0495,"Dwarka Sector 7, South-West Delhi","420, 406, 34 IPC",Rahul Verma
P046-COV,P046,Seema Dubey,COVID Vaccination Certificate,covid,16-Jul-2021,"Ministry of Health & Family Welfare, CoWIN Portal",0,0.06,P046_covid_genuine.pdf,Sputnik V,2nd Dose,"PHC Hyderabad, Ward 13",3387572470021381,,,,,,,,,,,,,,,,,
P046-DEG,P046,Seema Dubey,Degree Certificate,degree,15-Jun-2020,BITS Pilani,0,0.17,P046_degree_genuine.pdf,,,,,Bachelor of Technology,Electronics & Communication,BITS Pilani,8.1,BI/2016/90431,2020,,,,,,,,,,,
P046-PRO,P046,Seema Dubey,Property Sale Deed,property,14-Jan-2023,"Sub-Registrar Office, Hyderabad",0,0.08,P046_property_genuine.pdf,,,,,,,,,,,Seema Dubey,Anita Tiwari,247,6200000,372000,62000,SRO/HYD/2022/1877,,,,
P046-FIR,P046,Seema Dubey,First Information Report,fir,23-Jul-2021,"Delhi Police — Vaishali Nagar, Jaipur",1,0.89,P046_fir_forged.pdf,,,,,,,,,,,,,,,,,,2021/FIR/0371,"Vaishali Nagar, Jaipur","406, 420, 506 IPC",Seema Dubey
P047-COV,P047,Sunita Nair,COVID Vaccination Certificate,covid,01-Jun-2021,"Ministry of Health & Family Welfare, CoWIN Portal",0,0.1,P047_covid_genuine.pdf,COVAXIN (Bharat Biotech),2nd Dose,"PHC Hyderabad, Ward 14",0864026941748263,,,,,,,,,,,,,,,,,
P047-DEG,P047,Sunita Nair,Degree Certificate,degree,15-Jun-2017,Pune University,1,0.79,P047_degree_forged.pdf,,,,,Master of Business Administration,Finance,Pune University,8.2,PU/2013/70956,2017,,,,,,,,,,,
P047-PRO,P047,Sunita Nair,Property Sale Deed,property,08-Oct-2021,"Sub-Registrar Office, Hyderabad",1,0.78,P047_property_forged.pdf,,,,,,,,,,,Sunita Nair,Rakesh Trivedi,244,14050000,843000,140500,SRO/HYD/2021/8779,,,,
P047-FIR,P047,Sunita Nair,First Information Report,fir,04-Mar-2024,"Delhi Police — Satellite, Ahmedabad",0,0.18,P047_fir_genuine.pdf,,,,,,,,,,,,,,,,,,2024/FIR/0271,"Satellite, Ahmedabad","467, 468, 471 IPC",Sunita Nair
P048-COV,P048,Mamta Shukla,COVID Vaccination Certificate,covid,14-Jan-2021,"Ministry of Health & Family Welfare, CoWIN Portal",1,0.88,P048_covid_forged.pdf,COVAXIN (Bharat Biotech),2nd Dose,"PHC Patna, Ward 3",9496829903332487,,,,,,,,,,,,,,,,,
P048-DEG,P048,Mamta Shukla,Degree Certificate,degree,15-Jun-2016,BITS Pilani,0,0.16,P048_degree_genuine.pdf,,,,,Bachelor of Technology,Electronics & Communication,BITS Pilani,8.8,BI/2012/80206,2016,,,,,,,,,,,
P048-PRO,P048,Mamta Shukla,Property Sale Deed,property,13-May-2021,"Sub-Registrar Office, Patna",1,0.9,P048_property_forged.pdf,,,,,,,,,,,Mamta Shukla,Rajesh Iyer,298,14700000,882000,147000,SRO/PAT/2019/3356,,,,
P048-FIR,P048,Mamta Shukla,First Information Report,fir,11-Jan-2022,"Delhi Police — T. Nagar, Chennai",0,0.16,P048_fir_genuine.pdf,,,,,,,,,,,,,,,,,,2022/FIR/0387,"T. Nagar, Chennai","419, 420 IPC",Mamta Shukla
P049-COV,P049,Ravi Shukla,COVID Vaccination Certificate,covid,10-Mar-2021,"Ministry of Health & Family Welfare, CoWIN Portal",0,0.15,P049_covid_genuine.pdf,COVISHIELD (AstraZeneca),2nd Dose,"PHC Mumbai, Ward 15",7376049445307074,,,,,,,,,,,,,,,,,
P049-DEG,P049,Ravi Shukla,Degree Certificate,degree,15-Jun-2015,Rajasthan University,0,0.16,P049_degree_genuine.pdf,,,,,Bachelor of Architecture,Urban Design,Rajasthan University,6.6,RA/2011/36309,2015,,,,,,,,,,,
P049-PRO,P049,Ravi Shukla,Property Sale Deed,property,15-Jan-2019,"Sub-Registrar Office, Mumbai",1,0.75,P049_property_forged.pdf,,,,,,,,,,,Ravi Shukla,Pankaj Thakur,135,8400000,504000,84000,SRO/MUM/2020/7503,,,,
P049-FIR,P049,Ravi Shukla,First Information Report,fir,12-Sep-2024,"Delhi Police — Park Street, Kolkata",0,0.17,P049_fir_genuine.pdf,,,,,,,,,,,,,,,,,,2024/FIR/0957,"Park Street, Kolkata","467, 468, 471 IPC",Ravi Shukla
P050-COV,P050,Naresh Rao,COVID Vaccination Certificate,covid,13-Jan-2022,"Ministry of Health & Family Welfare, CoWIN Portal",0,0.08,P050_covid_genuine.pdf,COVISHIELD (AstraZeneca),2nd Dose,"PHC Bengaluru, Ward 2",1598662407709660,,,,,,,,,,,,,,,,,
P050-DEG,P050,Naresh Rao,Degree Certificate,degree,15-Jun-2019,IIT Madras,0,0.16,P050_degree_genuine.pdf,,,,,Bachelor of Arts,Economics,IIT Madras,7.5,II/2015/59345,2019,,,,,,,,,,,
P050-PRO,P050,Naresh Rao,Property Sale Deed,property,07-May-2021,"Sub-Registrar Office, Bengaluru",0,0.05,P050_property_genuine.pdf,,,,,,,,,,,Naresh Rao,Dinesh Gupta,199,9700000,582000,97000,SRO/BEN/2023/7506,,,,
P050-FIR,P050,Naresh Rao,First Information Report,fir,21-Sep-2022,"Delhi Police — Hazratganj, Lucknow",0,0.09,P050_fir_genuine.pdf,,,,,,,,,,,,,,,,,,2022/FIR/0389,"Hazratganj, Lucknow","406, 420, 506 IPC",Naresh Rao
