case_id,doc_id,person_id,person_name,doc_type,forgery_type,confidence,anomalies,anomaly_count,detected_by,case_date,status,remarks
FC0001,P001-COV,P001,Rahul Bhat,COVID Vaccination Certificate,Impersonation-based Fraud,0.96,Vaccination centre name not in official registry | Blank PDF author metadata | Misaligned government seal | Name spelling discrepancy (extra space/transposition),4,AI Forensic Engine v1.0,05-Nov-2022,Confirmed Forgery,Document submitted by Rahul Bhat. Cross-verification with CoWIN portal failed.
FC0002,P002-FIR,P002,Sunita Sharma,First Information Report,Fabricated Document,0.73,Accused name has double space (copy-paste artefact) | Blank author metadata in PDF | Complainant address differs from property deed address | Font inconsistency in value fields (Courier vs Helvetica),4,AI Forensic Engine v1.0,18-May-2022,Under Investigation,"FIR number format irregular. Cross-check with PS Vaishali Nagar, Jaipur pending."
FC0003,P003-COV,P003,Vandana Agarwal,COVID Vaccination Certificate,Impersonation-based Fraud,0.83,Pre-vaccination date on certificate | Blank PDF author metadata | Vaccination centre name not in official registry,3,AI Forensic Engine v1.0,07-Jul-2022,Referred to Police,Document submitted by Vandana Agarwal. Cross-verification with CoWIN portal failed.
FC0004,P003-DEG,P003,Vandana Agarwal,Degree Certificate,Counterfeit Official Copy,0.81,Year of passing post-dates current year | Zero-for-O substitution in student name | Certificate number format deviates from university standard | Registrar signature rendered as flat line,4,AI Forensic Engine v1.0,22-Oct-2024,Confirmed Forgery,CGPA 7.9 does not match university records (7.0). Referred to Education Ministry.
FC0005,P005-DEG,P005,Pankaj Mishra,Degree Certificate,Digitally Manipulated,0.84,Division mismatch with CGPA | Year of passing post-dates current year | Zero-for-O substitution in student name,3,AI Forensic Engine v1.0,18-Nov-2023,Under Investigation,CGPA 8.5 does not match university records (7.7). Referred to Education Ministry.
FC0006,P005-PRO,P005,Pankaj Mishra,Property Sale Deed,Impersonation-based Fraud,0.94,e-Challan number has zero-for-O substitution | Sub-registrar seal missing,2,AI Forensic Engine v1.0,10-Oct-2023,Referred to Police,"Stated area 269 sq.yd vs registered 230 sq.yd. Amount discrepancy INR 2,700,000."
FC0007,P006-COV,P006,Kavita Saxena,COVID Vaccination Certificate,Impersonation-based Fraud,0.8,Misaligned government seal | Zero-for-O substitution in date field | Blank PDF author metadata | Zero-for-O substitution in vaccine name (C0VISHIELD),4,AI Forensic Engine v1.0,17-Sep-2023,Confirmed Forgery,Document submitted by Kavita Saxena. Cross-verification with CoWIN portal failed.
FC0008,P006-DEG,P006,Kavita Saxena,Degree Certificate,Altered Genuine Document,0.91,CGPA inflated beyond university maximum | Division mismatch with CGPA | Certificate number format deviates from university standard,3,AI Forensic Engine v1.0,24-Nov-2022,Referred to Police,CGPA 10.0 does not match university records (9.2). Referred to Education Ministry.
FC0009,P007-COV,P007,Shweta Thakur,COVID Vaccination Certificate,Digitally Manipulated,0.87,Zero-for-O substitution in date field | Misaligned government seal | Zero-for-O substitution in vaccine name (C0VISHIELD) | Dose sequence illogical (2nd dose before 1st),4,AI Forensic Engine v1.0,09-Jul-2024,Under Investigation,Document submitted by Shweta Thakur. Cross-verification with CoWIN portal failed.
FC0010,P007-PRO,P007,Shweta Thakur,Property Sale Deed,Counterfeit Official Copy,0.78,Registration date precedes deed execution date | Plot area inflated in numeric field | Document number has letter-O for digit-0 | Sub-registrar seal missing,4,AI Forensic Engine v1.0,26-Mar-2022,Referred to Police,"Stated area 261 sq.yd vs registered 219 sq.yd. Amount discrepancy INR 1,750,000."
FC0011,P008-COV,P008,Pooja Thakur,COVID Vaccination Certificate,Digitally Manipulated,0.91,Pre-vaccination date on certificate | QR code placeholder missing/non-functional | Zero-for-O substitution in vaccine name (C0VISHIELD),3,AI Forensic Engine v1.0,20-Apr-2024,Under Investigation,Document submitted by Pooja Thakur. Cross-verification with CoWIN portal failed.
FC0012,P008-DEG,P008,Pooja Thakur,Degree Certificate,Digitally Manipulated,0.98,University seal faded/misaligned | CGPA inflated beyond university maximum | Division mismatch with CGPA,3,AI Forensic Engine v1.0,11-Feb-2022,Referred to Police,CGPA 8.6 does not match university records (7.6). Referred to Education Ministry.
FC0013,P008-FIR,P008,Pooja Thakur,First Information Report,Digitally Manipulated,0.84,Font inconsistency in value fields (Courier vs Helvetica) | Accused name has double space (copy-paste artefact),2,AI Forensic Engine v1.0,24-Jul-2023,Under Investigation,"FIR number format irregular. Cross-check with PS Vaishali Nagar, Jaipur pending."
FC0014,P009-DEG,P009,Pooja Singh,Degree Certificate,Fabricated Document,0.85,Division mismatch with CGPA | Zero-for-O in roll number,2,AI Forensic Engine v1.0,12-Sep-2023,Under Investigation,CGPA 8.8 does not match university records (8.1). Referred to Education Ministry.
FC0015,P009-FIR,P009,Pooja Singh,First Information Report,Fabricated Document,0.81,Date field has zero-for-O substitution | Font inconsistency in value fields (Courier vs Helvetica),2,AI Forensic Engine v1.0,21-Dec-2022,Under Investigation,"FIR number format irregular. Cross-check with PS T. Nagar, Chennai pending."
FC0016,P010-COV,P010,Vijay Bhat,COVID Vaccination Certificate,Impersonation-based Fraud,0.75,Zero-for-O substitution in vaccine name (C0VISHIELD) | Font inconsistency in beneficiary details (Courier vs Helvetica) | Pre-vaccination date on certificate,3,AI Forensic Engine v1.0,02-May-2024,Under Investigation,Document submitted by Vijay Bhat. Cross-verification with CoWIN portal failed.
FC0017,P010-DEG,P010,Vijay Bhat,Degree Certificate,Fabricated Document,0.92,Year of passing post-dates current year | Registrar signature rendered as flat line | CGPA inflated beyond university maximum,3,AI Forensic Engine v1.0,14-Dec-2023,Under Investigation,CGPA 6.7 does not match university records (6.0). Referred to Education Ministry.
FC0018,P010-PRO,P010,Vijay Bhat,Property Sale Deed,Digitally Manipulated,0.94,Sub-registrar seal missing | Plot area inflated in numeric field,2,AI Forensic Engine v1.0,19-Jun-2022,Confirmed Forgery,"Stated area 294 sq.yd vs registered 260 sq.yd. Amount discrepancy INR 2,250,000."
FC0019,P011-COV,P011,Kavita Desai,COVID Vaccination Certificate,Altered Genuine Document,0.93,Blank PDF author metadata | Zero-for-O substitution in vaccine name (C0VISHIELD),2,AI Forensic Engine v1.0,06-Apr-2023,Referred to Police,Document submitted by Kavita Desai. Cross-verification with CoWIN portal failed.
FC0020,P011-FIR,P011,Kavita Desai,First Information Report,Fabricated Document,0.73,IPC section uses lowercase-L for uppercase-I (lPC vs IPC) | Police station seal faded below detection threshold | Blank author metadata in PDF | Officer signature is a straight horizontal line,4,AI Forensic Engine v1.0,27-Jun-2022,Confirmed Forgery,"FIR number format irregular. Cross-check with PS T. Nagar, Chennai pending."
FC0021,P012-COV,P012,Lalita Agarwal,COVID Vaccination Certificate,Digitally Manipulated,0.89,Blank PDF author metadata | Pre-vaccination date on certificate,2,AI Forensic Engine v1.0,20-Sep-2024,Under Investigation,Document submitted by Lalita Agarwal. Cross-verification with CoWIN portal failed.
FC0022,P012-DEG,P012,Lalita Agarwal,Degree Certificate,Impersonation-based Fraud,0.88,Registrar signature rendered as flat line | CGPA inflated beyond university maximum | Certificate number format deviates from university standard | Zero-for-O substitution in student name,4,AI Forensic Engine v1.0,10-Jul-2024,Confirmed Forgery,CGPA 8.3 does not match university records (7.4). Referred to Education Ministry.
FC0023,P013-COV,P013,Dinesh Sharma,COVID Vaccination Certificate,Altered Genuine Document,0.86,QR code placeholder missing/non-functional | Zero-for-O substitution in date field | Misaligned government seal | Zero-for-O substitution in vaccine name (C0VISHIELD),4,AI Forensic Engine v1.0,25-Dec-2022,Referred to Police,Document submitted by Dinesh Sharma. Cross-verification with CoWIN portal failed.
FC0024,P014-PRO,P014,Vikas Yadav,Property Sale Deed,Digitally Manipulated,0.76,Witness Aadhaar number format irregular | Stamp duty inconsistent with stated consideration | Registration date precedes deed execution date,3,AI Forensic Engine v1.0,03-Jan-2024,Under Investigation,"Stated area 209 sq.yd vs registered 175 sq.yd. Amount discrepancy INR 1,500,000."
FC0025,P014-FIR,P014,Vikas Yadav,First Information Report,Counterfeit Official Copy,0.88,IPC section uses lowercase-L for uppercase-I (lPC vs IPC) | Police station seal faded below detection threshold | Officer signature is a straight horizontal line,3,AI Forensic Engine v1.0,08-Jan-2022,Confirmed Forgery,"FIR number format irregular. Cross-check with PS Koramangala, Bengaluru pending."
FC0026,P015-COV,P015,Neha Kumar,COVID Vaccination Certificate,Counterfeit Official Copy,0.86,Pre-vaccination date on certificate | Name spelling discrepancy (extra space/transposition) | Misaligned government seal,3,AI Forensic Engine v1.0,01-Dec-2023,Confirmed Forgery,Document submitted by Neha Kumar. Cross-verification with CoWIN portal failed.
FC0027,P015-DEG,P015,Neha Kumar,Degree Certificate,Impersonation-based Fraud,0.92,Registrar signature rendered as flat line | Font inconsistency — Times-Italic for name vs Helvetica in original | Zero-for-O substitution in student name | Blank PDF author and producer metadata,4,AI Forensic Engine v1.0,06-Nov-2023,Referred to Police,CGPA 7.6 does not match university records (6.8). Referred to Education Ministry.
FC0028,P016-COV,P016,Girish Chauhan,COVID Vaccination Certificate,Impersonation-based Fraud,0.74,Zero-for-O substitution in vaccine name (C0VISHIELD) | Misaligned government seal | Zero-for-O substitution in date field,3,AI Forensic Engine v1.0,04-Jun-2023,Under Investigation,Document submitted by Girish Chauhan. Cross-verification with CoWIN portal failed.
FC0029,P016-FIR,P016,Girish Chauhan,First Information Report,Altered Genuine Document,0.94,Blank author metadata in PDF | FIR number has zero-for-O substitution | Date field has zero-for-O substitution | Complainant address differs from property deed address,4,AI Forensic Engine v1.0,12-Jun-2024,Confirmed Forgery,"FIR number format irregular. Cross-check with PS Koramangala, Bengaluru pending."
FC0030,P017-PRO,P017,Kiran Mishra,Property Sale Deed,Altered Genuine Document,0.76,Stamp duty inconsistent with stated consideration | Font inconsistency in value fields (Courier vs Helvetica) | e-Challan number has zero-for-O substitution | Plot area inflated in numeric field,4,AI Forensic Engine v1.0,26-Apr-2022,Confirmed Forgery,"Stated area 327 sq.yd vs registered 287 sq.yd. Amount discrepancy INR 2,750,000."
FC0031,P018-DEG,P018,Ashok Nair,Degree Certificate,Fabricated Document,0.8,Zero-for-O in roll number | Registrar signature rendered as flat line | Year of passing post-dates current year | University seal faded/misaligned,4,AI Forensic Engine v1.0,21-Apr-2023,Referred to Police,CGPA 8.5 does not match university records (7.8). Referred to Education Ministry.
FC0032,P018-PRO,P018,Ashok Nair,Property Sale Deed,Fabricated Document,0.88,Font inconsistency in value fields (Courier vs Helvetica) | Plot area inflated in numeric field | Document number has letter-O for digit-0 | Witness Aadhaar number format irregular,4,AI Forensic Engine v1.0,09-Oct-2024,Referred to Police,"Stated area 216 sq.yd vs registered 157 sq.yd. Amount discrepancy INR 2,100,000."
FC0033,P018-FIR,P018,Ashok Nair,First Information Report,Digitally Manipulated,0.95,Police station seal faded below detection threshold | FIR date precedes the stated date of occurrence | Blank author metadata in PDF | IPC section uses lowercase-L for uppercase-I (lPC vs IPC),4,AI Forensic Engine v1.0,03-Aug-2023,Referred to Police,"FIR number format irregular. Cross-check with PS Hazratganj, Lucknow pending."
FC0034,P019-PRO,P019,Rajesh Kumar,Property Sale Deed,Counterfeit Official Copy,0.97,Witness Aadhaar number format irregular | e-Challan number has zero-for-O substitution | Document number has letter-O for digit-0 | Seller name has double space (copy-paste artefact),4,AI Forensic Engine v1.0,10-Jan-2022,Confirmed Forgery,"Stated area 158 sq.yd vs registered 128 sq.yd. Amount discrepancy INR 2,100,000."
FC0035,P020-COV,P020,Anita Gupta,COVID Vaccination Certificate,Impersonation-based Fraud,0.81,Zero-for-O substitution in date field | Blank PDF author metadata | Misaligned government seal,3,AI Forensic Engine v1.0,02-Jan-2022,Under Investigation,Document submitted by Anita Gupta. Cross-verification with CoWIN portal failed.
FC0036,P020-FIR,P020,Anita Gupta,First Information Report,Impersonation-based Fraud,0.93,Accused name has double space (copy-paste artefact) | IPC section uses lowercase-L for uppercase-I (lPC vs IPC) | Font inconsistency in value fields (Courier vs Helvetica),3,AI Forensic Engine v1.0,28-Dec-2023,Referred to Police,"FIR number format irregular. Cross-check with PS Hazratganj, Lucknow pending."
FC0037,P021-FIR,P021,Amit Dubey,First Information Report,Counterfeit Official Copy,0.77,Police station seal faded below detection threshold | Complainant address differs from property deed address,2,AI Forensic Engine v1.0,25-May-2022,Confirmed Forgery,"FIR number format irregular. Cross-check with PS T. Nagar, Chennai pending."
FC0038,P022-PRO,P022,Sarita Kumar,Property Sale Deed,Altered Genuine Document,0.73,Font inconsistency in value fields (Courier vs Helvetica) | Witness Aadhaar number format irregular | Sale consideration altered (amount mismatch),3,AI Forensic Engine v1.0,06-Sep-2022,Confirmed Forgery,"Stated area 326 sq.yd vs registered 269 sq.yd. Amount discrepancy INR 1,250,000."
FC0039,P023-COV,P023,Sandeep Pandey,COVID Vaccination Certificate,Digitally Manipulated,0.87,QR code placeholder missing/non-functional | Font inconsistency in beneficiary details (Courier vs Helvetica),2,AI Forensic Engine v1.0,17-Sep-2024,Confirmed Forgery,Document submitted by Sandeep Pandey. Cross-verification with CoWIN portal failed.
FC0040,P023-PRO,P023,Sandeep Pandey,Property Sale Deed,Digitally Manipulated,0.92,Registration date precedes deed execution date | Sub-registrar seal missing,2,AI Forensic Engine v1.0,03-Jun-2024,Confirmed Forgery,"Stated area 233 sq.yd vs registered 197 sq.yd. Amount discrepancy INR 500,000."
FC0041,P024-DEG,P024,Nisha Rao,Degree Certificate,Impersonation-based Fraud,0.91,Registrar signature rendered as flat line | University seal faded/misaligned | Division mismatch with CGPA | Blank PDF author and producer metadata,4,AI Forensic Engine v1.0,25-Apr-2024,Under Investigation,CGPA 10.0 does not match university records (9.4). Referred to Education Ministry.
FC0042,P026-DEG,P026,Girish Saxena,Degree Certificate,Digitally Manipulated,0.84,Zero-for-O substitution in student name | Zero-for-O in roll number | Certificate number format deviates from university standard | Blank PDF author and producer metadata,4,AI Forensic Engine v1.0,07-Sep-2022,Under Investigation,CGPA 7.3 does not match university records (6.7). Referred to Education Ministry.
FC0043,P027-FIR,P027,Pooja Mehta,First Information Report,Counterfeit Official Copy,0.92,Complainant address differs from property deed address | Officer signature is a straight horizontal line | Blank author metadata in PDF | IPC section uses lowercase-L for uppercase-I (lPC vs IPC),4,AI Forensic Engine v1.0,07-Jan-2023,Under Investigation,"FIR number format irregular. Cross-check with PS Andheri (West), Mumbai pending."
FC0044,P028-PRO,P028,Rahul Shukla,Property Sale Deed,Digitally Manipulated,0.89,Font inconsistency in value fields (Courier vs Helvetica) | Seller name has double space (copy-paste artefact) | Witness Aadhaar number format irregular | Registration date precedes deed execution date,4,AI Forensic Engine v1.0,24-Mar-2023,Confirmed Forgery,"Stated area 224 sq.yd vs registered 186 sq.yd. Amount discrepancy INR 1,100,000."
FC0045,P029-COV,P029,Mahesh Mishra,COVID Vaccination Certificate,Impersonation-based Fraud,0.86,Dose sequence illogical (2nd dose before 1st) | Font inconsistency in beneficiary details (Courier vs Helvetica) | Name spelling discrepancy (extra space/transposition),3,AI Forensic Engine v1.0,14-Nov-2024,Under Investigation,Document submitted by Mahesh Mishra. Cross-verification with CoWIN portal failed.
FC0046,P029-FIR,P029,Mahesh Mishra,First Information Report,Fabricated Document,0.83,Complainant address differs from property deed address | Blank author metadata in PDF | FIR number has zero-for-O substitution,3,AI Forensic Engine v1.0,03-Mar-2024,Confirmed Forgery,"FIR number format irregular. Cross-check with PS Andheri (West), Mumbai pending."
FC0047,P030-COV,P030,Komal Gupta,COVID Vaccination Certificate,Impersonation-based Fraud,0.76,Misaligned government seal | Zero-for-O substitution in vaccine name (C0VISHIELD) | Font inconsistency in beneficiary details (Courier vs Helvetica) | Dose sequence illogical (2nd dose before 1st),4,AI Forensic Engine v1.0,27-Oct-2022,Confirmed Forgery,Document submitted by Komal Gupta. Cross-verification with CoWIN portal failed.
FC0048,P030-PRO,P030,Komal Gupta,Property Sale Deed,Counterfeit Official Copy,0.92,Sub-registrar seal missing | Font inconsistency in value fields (Courier vs Helvetica) | Plot area inflated in numeric field | Document number has letter-O for digit-0,4,AI Forensic Engine v1.0,08-Aug-2023,Confirmed Forgery,"Stated area 250 sq.yd vs registered 208 sq.yd. Amount discrepancy INR 800,000."
FC0049,P030-FIR,P030,Komal Gupta,First Information Report,Counterfeit Official Copy,0.82,Police station seal faded below detection threshold | Officer signature is a straight horizontal line | IPC section uses lowercase-L for uppercase-I (lPC vs IPC) | FIR number has zero-for-O substitution,4,AI Forensic Engine v1.0,23-Jul-2022,Referred to Police,"FIR number format irregular. Cross-check with PS Koramangala, Bengaluru pending."
FC0050,P031-DEG,P031,Anita Menon,Degree Certificate,Counterfeit Official Copy,0.86,University seal faded/misaligned | Font inconsistency — Times-Italic for name vs Helvetica in original | Blank PDF author and producer metadata | Division mismatch with CGPA,4,AI Forensic Engine v1.0,05-Aug-2023,Under Investigation,CGPA 10.0 does not match university records (9.2). Referred to Education Ministry.
FC0051,P032-COV,P032,Rahul Tiwari,COVID Vaccination Certificate,Impersonation-based Fraud,0.8,Misaligned government seal | QR code placeholder missing/non-functional | Zero-for-O substitution in vaccine name (C0VISHIELD),3,AI Forensic Engine v1.0,18-Oct-2022,Under Investigation,Document submitted by Rahul Tiwari. Cross-verification with CoWIN portal failed.
FC0052,P032-DEG,P032,Rahul Tiwari,Degree Certificate,Altered Genuine Document,0.83,CGPA inflated beyond university maximum | University seal faded/misaligned | Division mismatch with CGPA,3,AI Forensic Engine v1.0,08-May-2024,Confirmed Forgery,CGPA 10.0 does not match university records (9.3). Referred to Education Ministry.
FC0053,P032-FIR,P032,Rahul Tiwari,First Information Report,Counterfeit Official Copy,0.89,IPC section uses lowercase-L for uppercase-I (lPC vs IPC) | Officer signature is a straight horizontal line,2,AI Forensic Engine v1.0,20-Nov-2022,Under Investigation,"FIR number format irregular. Cross-check with PS Park Street, Kolkata pending."
FC0054,P034-FIR,P034,Deepak Yadav,First Information Report,Altered Genuine Document,0.74,Accused name has double space (copy-paste artefact) | IPC section uses lowercase-L for uppercase-I (lPC vs IPC),2,AI Forensic Engine v1.0,06-Feb-2023,Confirmed Forgery,"FIR number format irregular. Cross-check with PS T. Nagar, Chennai pending."
FC0055,P035-COV,P035,Swati Bhat,COVID Vaccination Certificate,Digitally Manipulated,0.82,Dose sequence illogical (2nd dose before 1st) | Pre-vaccination date on certificate | Misaligned government seal | QR code placeholder missing/non-functional,4,AI Forensic Engine v1.0,27-Dec-2023,Confirmed Forgery,Document submitted by Swati Bhat. Cross-verification with CoWIN portal failed.
FC0056,P035-PRO,P035,Swati Bhat,Property Sale Deed,Digitally Manipulated,0.75,Font inconsistency in value fields (Courier vs Helvetica) | Document number has letter-O for digit-0 | Plot area inflated in numeric field | Sub-registrar seal missing,4,AI Forensic Engine v1.0,14-Apr-2024,Under Investigation,"Stated area 183 sq.yd vs registered 153 sq.yd. Amount discrepancy INR 2,300,000."
FC0057,P037-COV,P037,Neha Jain,COVID Vaccination Certificate,Counterfeit Official Copy,0.97,Pre-vaccination date on certificate | Font inconsistency in beneficiary details (Courier vs Helvetica),2,AI Forensic Engine v1.0,18-Jun-2023,Referred to Police,Document submitted by Neha Jain. Cross-verification with CoWIN portal failed.
FC0058,P037-PRO,P037,Neha Jain,Property Sale Deed,Counterfeit Official Copy,0.77,Stamp duty inconsistent with stated consideration | Seller name has double space (copy-paste artefact) | Registration date precedes deed execution date | Sub-registrar seal missing,4,AI Forensic Engine v1.0,12-Nov-2022,Confirmed Forgery,"Stated area 329 sq.yd vs registered 280 sq.yd. Amount discrepancy INR 850,000."
FC0059,P037-FIR,P037,Neha Jain,First Information Report,Fabricated Document,0.88,Officer signature is a straight horizontal line | Font inconsistency in value fields (Courier vs Helvetica) | IPC section uses lowercase-L for uppercase-I (lPC vs IPC) | Accused name has double space (copy-paste artefact),4,AI Forensic Engine v1.0,16-Apr-2022,Under Investigation,"FIR number format irregular. Cross-check with PS Koramangala, Bengaluru pending."
FC0060,P038-COV,P038,Asha Pillai,COVID Vaccination Certificate,Impersonation-based Fraud,0.98,Zero-for-O substitution in vaccine name (C0VISHIELD) | Dose sequence illogical (2nd dose before 1st),2,AI Forensic Engine v1.0,21-Oct-2022,Under Investigation,Document submitted by Asha Pillai. Cross-verification with CoWIN portal failed.
FC0061,P038-DEG,P038,Asha Pillai,Degree Certificate,Altered Genuine Document,0.88,Zero-for-O in roll number | CGPA inflated beyond university maximum | Blank PDF author and producer metadata,3,AI Forensic Engine v1.0,24-Oct-2022,Confirmed Forgery,CGPA 8.8 does not match university records (8.2). Referred to Education Ministry.
FC0062,P038-PRO,P038,Asha Pillai,Property Sale Deed,Digitally Manipulated,0.73,Seller name has double space (copy-paste artefact) | e-Challan number has zero-for-O substitution | Document number has letter-O for digit-0 | Font inconsistency in value fields (Courier vs Helvetica),4,AI Forensic Engine v1.0,02-Nov-2023,Under Investigation,"Stated area 310 sq.yd vs registered 282 sq.yd. Amount discrepancy INR 1,350,000."
FC0063,P039-DEG,P039,Asha Bhat,Degree Certificate,Altered Genuine Document,0.79,CGPA inflated beyond university maximum | Blank PDF author and producer metadata | Zero-for-O in roll number,3,AI Forensic Engine v1.0,13-Jun-2024,Referred to Police,CGPA 9.0 does not match university records (8.2). Referred to Education Ministry.
FC0064,P039-PRO,P039,Asha Bhat,Property Sale Deed,Counterfeit Official Copy,0.74,Sale consideration altered (amount mismatch) | Witness Aadhaar number format irregular | Plot area inflated in numeric field,3,AI Forensic Engine v1.0,22-Dec-2024,Referred to Police,"Stated area 268 sq.yd vs registered 244 sq.yd. Amount discrepancy INR 2,700,000."
FC0065,P040-FIR,P040,Priya Srivastava,First Information Report,Fabricated Document,0.8,FIR date precedes the stated date of occurrence | Accused name has double space (copy-paste artefact),2,AI Forensic Engine v1.0,02-Nov-2024,Under Investigation,"FIR number format irregular. Cross-check with PS Banjara Hills, Hyderabad pending."
FC0066,P041-COV,P041,Lalita Mishra,COVID Vaccination Certificate,Fabricated Document,0.93,Name spelling discrepancy (extra space/transposition) | Misaligned government seal,2,AI Forensic Engine v1.0,12-Sep-2022,Referred to Police,Document submitted by Lalita Mishra. Cross-verification with CoWIN portal failed.
FC0067,P041-DEG,P041,Lalita Mishra,Degree Certificate,Altered Genuine Document,0.75,Zero-for-O in roll number | University seal faded/misaligned | Division mismatch with CGPA | Zero-for-O substitution in student name,4,AI Forensic Engine v1.0,03-May-2024,Under Investigation,CGPA 6.8 does not match university records (6.0). Referred to Education Ministry.
FC0068,P041-PRO,P041,Lalita Mishra,Property Sale Deed,Digitally Manipulated,0.93,Registration date precedes deed execution date | Plot area inflated in numeric field,2,AI Forensic Engine v1.0,08-Mar-2024,Confirmed Forgery,"Stated area 302 sq.yd vs registered 259 sq.yd. Amount discrepancy INR 2,850,000."
FC0069,P041-FIR,P041,Lalita Mishra,First Information Report,Altered Genuine Document,0.84,IPC section uses lowercase-L for uppercase-I (lPC vs IPC) | Officer signature is a straight horizontal line,2,AI Forensic Engine v1.0,05-Feb-2024,Under Investigation,"FIR number format irregular. Cross-check with PS Kothrud, Pune pending."
FC0070,P042-COV,P042,Komal Bhat,COVID Vaccination Certificate,Altered Genuine Document,0.82,Font inconsistency in beneficiary details (Courier vs Helvetica) | Vaccination centre name not in official registry,2,AI Forensic Engine v1.0,28-Jul-2022,Confirmed Forgery,Document submitted by Komal Bhat. Cross-verification with CoWIN portal failed.
FC0071,P042-PRO,P042,Komal Bhat,Property Sale Deed,Altered Genuine Document,0.79,Plot area inflated in numeric field | Sale consideration altered (amount mismatch),2,AI Forensic Engine v1.0,26-Aug-2024,Under Investigation,"Stated area 129 sq.yd vs registered 95 sq.yd. Amount discrepancy INR 1,100,000."
FC0072,P043-PRO,P043,Rakesh Shah,Property Sale Deed,Fabricated Document,0.8,Plot area inflated in numeric field | Seller name has double space (copy-paste artefact),2,AI Forensic Engine v1.0,12-Sep-2023,Referred to Police,"Stated area 331 sq.yd vs registered 280 sq.yd. Amount discrepancy INR 2,300,000."
FC0073,P045-DEG,P045,Rahul Verma,Degree Certificate,Impersonation-based Fraud,0.82,Zero-for-O substitution in student name | Font inconsistency — Times-Italic for name vs Helvetica in original | Registrar signature rendered as flat line | University seal faded/misaligned,4,AI Forensic Engine v1.0,19-Nov-2022,Under Investigation,CGPA 7.1 does not match university records (6.6). Referred to Education Ministry.
FC0074,P045-PRO,P045,Rahul Verma,Property Sale Deed,Altered Genuine Document,0.89,Witness Aadhaar number format irregular | Plot area inflated in numeric field | Seller name has double space (copy-paste artefact),3,AI Forensic Engine v1.0,03-Dec-2022,Confirmed Forgery,"Stated area 294 sq.yd vs registered 270 sq.yd. Amount discrepancy INR 1,600,000."
FC0075,P046-FIR,P046,Seema Dubey,First Information Report,Digitally Manipulated,0.89,Officer signature is a straight horizontal line | IPC section uses lowercase-L for uppercase-I (lPC vs IPC) | FIR number has zero-for-O substitution,3,AI Forensic Engine v1.0,27-Sep-2024,Confirmed Forgery,"FIR number format irregular. Cross-check with PS Vaishali Nagar, Jaipur pending."
FC0076,P047-DEG,P047,Sunita Nair,Degree Certificate,Fabricated Document,0.79,Certificate number format deviates from university standard | Zero-for-O substitution in student name | Font inconsistency — Times-Italic for name vs Helvetica in original,3,AI Forensic Engine v1.0,12-Nov-2022,Referred to Police,CGPA 8.2 does not match university records (7.6). Referred to Education Ministry.
FC0077,P047-PRO,P047,Sunita Nair,Property Sale Deed,Impersonation-based Fraud,0.78,Sale consideration altered (amount mismatch) | Sub-registrar seal missing | Plot area inflated in numeric field,3,AI Forensic Engine v1.0,26-Sep-2024,Referred to Police,"Stated area 244 sq.yd vs registered 221 sq.yd. Amount discrepancy INR 2,150,000."
FC0078,P048-COV,P048,Mamta Shukla,COVID Vaccination Certificate,Altered Genuine Document,0.88,Misaligned government seal | Zero-for-O substitution in vaccine name (C0VISHIELD) | Vaccination centre name not in official registry | Dose sequence illogical (2nd dose before 1st),4,AI Forensic Engine v1.0,19-Oct-2024,Under Investigation,Document submitted by Mamta Shukla. Cross-verification with CoWIN portal failed.
FC0079,P048-PRO,P048,Mamta Shukla,Property Sale Deed,Altered Genuine Document,0.9,Plot area inflated in numeric field | Sub-registrar seal missing | Font inconsistency in value fields (Courier vs Helvetica),3,AI Forensic Engine v1.0,16-Dec-2022,Confirmed Forgery,"Stated area 298 sq.yd vs registered 247 sq.yd. Amount discrepancy INR 600,000."
FC0080,P049-PRO,P049,Ravi Shukla,Property Sale Deed,Digitally Manipulated,0.75,e-Challan number has zero-for-O substitution | Font inconsistency in value fields (Courier vs Helvetica),2,AI Forensic Engine v1.0,06-Aug-2024,Confirmed Forgery,"Stated area 135 sq.yd vs registered 92 sq.yd. Amount discrepancy INR 1,350,000."
