person_id,full_name,gender,dob,father_name,address,city,state,pincode,aadhaar,mobile,email
P001,Rahul Bhat,Male,24-Nov-1966,Shri Sachin Bhat,"63, Block-B, Sector 5, Chennai — 600001",Chennai,Tamil Nadu,600001,XXXX-XXXX-9935,9193349856,rahul.bhat76@example.com
P002,Sunita Sharma,Female,07-Sep-1961,Shri Sanjay Sharma,"56, Block-B, Sector 17, Mumbai — 400001",Mumbai,Maharashtra,400001,XXXX-XXXX-9928,9550455977,sunita.sharma29@example.com
P003,Vandana Agarwal,Female,05-May-1981,Shri Rakesh Agarwal,"2, Block-B, Sector 23, Chandigarh — 160001",Chandigarh,Punjab,160001,XXXX-XXXX-4527,9919795579,vandana.agarwal44@example.com
P004,Suresh Dubey,Male,15-Dec-1962,Shri Ravi Dubey,"92, Block-C, Sector 20, Mumbai — 400001",Mumbai,Maharashtra,400001,XXXX-XXXX-9785,9234031070,suresh.dubey49@example.com
P005,Pankaj Mishra,Male,03-Dec-1972,Shri Ashok Mishra,"161, Block-E, Sector 12, Bhopal — 462001",Bhopal,Madhya Pradesh,462001,XXXX-XXXX-1750,9810026086,pankaj.mishra30@example.com
P006,Kavita Saxena,Female,06-Jun-2000,Shri Dinesh Saxena,"26, Block-D, Sector 9, Hyderabad — 500001",Hyderabad,Telangana,500001,XXXX-XXXX-7065,9481469012,kavita.saxena27@example.com
P007,Shweta Thakur,Female,24-Sep-1970,Shri Pradeep Thakur,"166, Block-A, Sector 20, Gurugram — 122001",Gurugram,Haryana,122001,XXXX-XXXX-5010,9275452091,shweta.thakur60@example.com
P008,Pooja Thakur,Female,08-Jan-1980,Shri Girish Thakur,"177, Block-E, Sector 8, Gurugram — 122001",Gurugram,Haryana,122001,XXXX-XXXX-1525,9964411347,pooja.thakur41@example.com
P009,Pooja Singh,Female,21-Jul-1991,Shri Pradeep Singh,"146, Block-C, Sector 7, Hyderabad — 500001",Hyderabad,Telangana,500001,XXXX-XXXX-8517,9253407200,pooja.singh34@example.com
P010,Vijay Bhat,Male,13-Oct-1987,Shri Ashok Bhat,"138, Block-C, Sector 24, Jaipur — 302001",Jaipur,Rajasthan,302001,XXXX-XXXX-6930,9335493870,vijay.bhat18@example.com
P011,Kavita Desai,Female,20-Jul-2003,Shri Sandeep Desai,"29, Block-B, Sector 21, New Delhi — 110001",New Delhi,Delhi,110001,XXXX-XXXX-2040,9513140753,kavita.desai49@example.com
P012,Lalita Agarwal,Female,11-Nov-1977,Shri Pankaj Agarwal,"3, Block-A, Sector 22, Jaipur — 302001",Jaipur,Rajasthan,302001,XXXX-XXXX-2827,9415143362,lalita.agarwal56@example.com
P013,Dinesh Sharma,Male,04-Sep-1971,Shri Nikhil Sharma,"185, Block-C, Sector 17, Noida — 201301",Noida,Uttar Pradesh,201301,XXXX-XXXX-5889,9786066793,dinesh.sharma65@example.com
P014,Vikas Yadav,Male,11-Oct-1960,Shri Rajesh Yadav,"42, Block-E, Sector 25, Chandigarh — 160001",Chandigarh,Punjab,160001,XXXX-XXXX-9005,9120912992,vikas.yadav15@example.com
P015,Neha Kumar,Female,25-Feb-1991,Shri Suresh Kumar,"62, Block-E, Sector 3, New Delhi — 110001",New Delhi,Delhi,110001,XXXX-XXXX-9727,9922308461,neha.kumar17@example.com
P016,Girish Chauhan,Male,07-Jul-1998,Shri Mohan Chauhan,"43, Block-C, Sector 17, Jaipur — 302001",Jaipur,Rajasthan,302001,XXXX-XXXX-9835,9910959828,girish.chauhan94@example.com
P017,Kiran Mishra,Male,08-Feb-1988,Shri Rajesh Mishra,"172, Block-C, Sector 15, Pune — 411001",Pune,Maharashtra,411001,XXXX-XXXX-4681,9168747287,kiran.mishra44@example.com
P018,Ashok Nair,Male,08-Jan-2000,Shri Suresh Nair,"151, Block-B, Sector 1, Hyderabad — 500001",Hyderabad,Telangana,500001,XXXX-XXXX-2104,9133729406,ashok.nair43@example.com
P019,Rajesh Kumar,Male,19-Dec-1968,Shri Pankaj Kumar,"172, Block-D, Sector 7, Chennai — 600001",Chennai,Tamil Nadu,600001,XXXX-XXXX-8744,9360916298,rajesh.kumar61@example.com
P020,Anita Gupta,Female,28-Aug-1986,Shri Rakesh Gupta,"169, Block-D, Sector 12, Mumbai — 400001",Mumbai,Maharashtra,400001,XXXX-XXXX-1887,9823019672,anita.gupta84@example.com
P021,Amit Dubey,Male,15-Sep-1972,Shri Ajay Dubey,"87, Block-A, Sector 8, Noida — 201301",Noida,Uttar Pradesh,201301,XXXX-XXXX-3296,9552991960,amit.dubey24@example.com
P022,Sarita Kumar,Female,18-Nov-1963,Shri Ramesh Kumar,"20, Block-D, Sector 18, Bhopal — 462001",Bhopal,Madhya Pradesh,462001,XXXX-XXXX-1241,9200140141,sarita.kumar97@example.com
P023,Sandeep Pandey,Male,01-Jul-1970,Shri Amit Pandey,"124, Block-B, Sector 13, Ahmedabad — 380001",Ahmedabad,Gujarat,380001,XXXX-XXXX-7396,9384759615,sandeep.pandey59@example.com
P024,Nisha Rao,Female,02-Apr-1978,Shri Ajay Rao,"143, Block-D, Sector 5, Noida — 201301",Noida,Uttar Pradesh,201301,XXXX-XXXX-9883,9165452690,nisha.rao96@example.com
P025,Sunita Verma,Female,03-Sep-1963,Shri Sandeep Verma,"123, Block-E, Sector 17, Lucknow — 226001",Lucknow,Uttar Pradesh,226001,XXXX-XXXX-4044,9173574218,sunita.verma77@example.com
P026,Girish Saxena,Male,02-Oct-1997,Shri Vijay Saxena,"104, Block-A, Sector 19, Hyderabad — 500001",Hyderabad,Telangana,500001,XXXX-XXXX-2343,9550139320,girish.saxena85@example.com
P027,Pooja Mehta,Female,22-Mar-1985,Shri Ravi Mehta,"184, Block-C, Sector 8, Gurugram — 122001",Gurugram,Haryana,122001,XXXX-XXXX-5915,9590941149,pooja.mehta41@example.com
P028,Rahul Shukla,Male,09-Sep-1973,Shri Pankaj Shukla,"145, Block-A, Sector 3, Lucknow — 226001",Lucknow,Uttar Pradesh,226001,XXXX-XXXX-3170,9474745382,rahul.shukla9@example.com
P029,Mahesh Mishra,Male,17-Nov-1999,Shri Deepak Mishra,"113, Block-E, Sector 23, Bengaluru — 560001",Bengaluru,Karnataka,560001,XXXX-XXXX-1128,9817112652,mahesh.mishra71@example.com
P030,Komal Gupta,Female,09-Mar-1995,Shri Ramesh Gupta,"35, Block-C, Sector 4, Patna — 800001",Patna,Bihar,800001,XXXX-XXXX-5616,9749431082,komal.gupta27@example.com
P031,Anita Menon,Female,21-Feb-1963,Shri Ravi Menon,"68, Block-E, Sector 16, Gurugram — 122001",Gurugram,Haryana,122001,XXXX-XXXX-7939,9990505735,anita.menon36@example.com
P032,Rahul Tiwari,Male,23-Sep-1988,Shri Sachin Tiwari,"34, Block-C, Sector 6, Chandigarh — 160001",Chandigarh,Punjab,160001,XXXX-XXXX-8007,9702269164,rahul.tiwari2@example.com
P033,Suresh Trivedi,Male,18-Oct-1983,Shri Arjun Trivedi,"39, Block-E, Sector 2, Noida — 201301",Noida,Uttar Pradesh,201301,XXXX-XXXX-3426,9561479973,suresh.trivedi17@example.com
P034,Deepak Yadav,Male,04-Nov-1975,Shri Girish Yadav,"11, Block-C, Sector 7, Patna — 800001",Patna,Bihar,800001,XXXX-XXXX-6794,9937643439,deepak.yadav72@example.com
P035,Swati Bhat,Female,24-Mar-1961,Shri Rakesh Bhat,"61, Block-B, Sector 6, Bengaluru — 560001",Bengaluru,Karnataka,560001,XXXX-XXXX-6442,9940081098,swati.bhat53@example.com
P036,Ravi Joshi,Male,08-Aug-1962,Shri Mohan Joshi,"180, Block-A, Sector 13, Chandigarh — 160001",Chandigarh,Punjab,160001,XXXX-XXXX-4269,9976803188,ravi.joshi59@example.com
P037,Neha Jain,Female,11-Jul-1972,Shri Girish Jain,"59, Block-B, Sector 1, Chandigarh — 160001",Chandigarh,Punjab,160001,XXXX-XXXX-5564,9174539964,neha.jain99@example.com
P038,Asha Pillai,Female,06-May-1967,Shri Rahul Pillai,"103, Block-E, Sector 11, Jaipur — 302001",Jaipur,Rajasthan,302001,XXXX-XXXX-5349,9141078352,asha.pillai14@example.com
P039,Asha Bhat,Female,19-Jul-1967,Shri Rajesh Bhat,"81, Block-D, Sector 20, Chandigarh — 160001",Chandigarh,Punjab,160001,XXXX-XXXX-4114,9373506211,asha.bhat6@example.com
P040,Priya Srivastava,Female,11-Nov-1964,Shri Rakesh Srivastava,"138, Block-B, Sector 12, Patna — 800001",Patna,Bihar,800001,XXXX-XXXX-6143,9812306873,priya.srivastava16@example.com
P041,Lalita Mishra,Female,05-Sep-1978,Shri Kiran Mishra,"105, Block-C, Sector 13, Gurugram — 122001",Gurugram,Haryana,122001,XXXX-XXXX-4143,9551450815,lalita.mishra86@example.com
P042,Komal Bhat,Female,27-Sep-1985,Shri Deepak Bhat,"45, Block-E, Sector 19, Patna — 800001",Patna,Bihar,800001,XXXX-XXXX-1006,9426283245,komal.bhat37@example.com
P043,Rakesh Shah,Male,07-Nov-1988,Shri Dinesh Shah,"156, Block-C, Sector 15, Lucknow — 226001",Lucknow,Uttar Pradesh,226001,XXXX-XXXX-9375,9608079792,rakesh.shah95@example.com
P044,Girish Singh,Male,10-Nov-1975,Shri Suresh Singh,"132, Block-E, Sector 11, Chennai — 600001",Chennai,Tamil Nadu,600001,XXXX-XXXX-4680,9966040317,girish.singh26@example.com
P045,Rahul Verma,Male,21-Jul-1989,Shri Suresh Verma,"122, Block-E, Sector 25, Hyderabad — 500001",Hyderabad,Telangana,500001,XXXX-XXXX-4185,9871318048,rahul.verma90@example.com
P046,Seema Dubey,Female,08-Jul-1966,Shri Mohan Dubey,"38, Block-A, Sector 25, Hyderabad — 500001",Hyderabad,Telangana,500001,XXXX-XXXX-3881,9963406382,seema.dubey90@example.com
P047,Sunita Nair,Female,17-Nov-1989,Shri Rohan Nair,"32, Block-D, Sector 5, Hyderabad — 500001",Hyderabad,Telangana,500001,XXXX-XXXX-6198,9910943524,sunita.nair57@example.com
P048,Mamta Shukla,Female,09-Nov-1975,Shri Ravi Shukla,"41, Block-D, Sector 15, Patna — 800001",Patna,Bihar,800001,XXXX-XXXX-9540,9620332086,mamta.shukla81@example.com
P049,Ravi Shukla,Male,18-Jun-1981,Shri Ravi Shukla,"183, Block-C, Sector 8, Mumbai — 400001",Mumbai,Maharashtra,400001,XXXX-XXXX-2320,9248578017,ravi.shukla20@example.com
P050,Naresh Rao,Male,18-Jun-1986,Shri Rakesh Rao,"181, Block-B, Sector 3, Bengaluru — 560001",Bengaluru,Karnataka,560001,XXXX-XXXX-8633,9546434187,naresh.rao8@example.com
